x,y,z,x_quat,y_quat,z_quat,w_quat,speed
89638.746069591,43122.316982707,0.0,0.0,0.0,0.98377354359851,0.179414645209442,8.33333333333333
89638.187770255,43122.537757983,0.0,0.0,0.0,0.980788275585339,0.195075263614679,8.33333333333333
89637.637027799,43122.776756196,0.0,0.0,0.0,0.977342431752353,0.211664288665796,8.33333333333333
89637.094993210,43123.034887260,0.0,0.0,0.0,0.973351556599123,0.229318004670512,8.33333333333333
89636.563019230,43123.313151873,0.0,0.0,0.0,0.968714758684285,0.248176784384132,8.33333333333333
89636.042695556,43123.612624106,0.0,0.0,0.0,0.963312336327097,0.268382828586386,8.33333333333333
89635.535886351,43123.934424484,0.0,0.0,0.0,0.957003820148436,0.290075314739637,8.33333333333333
89635.044767324,43124.279679363,0.0,0.0,0.0,0.949627133034592,0.31338204831244,8.33333333333333
89634.571856128,43124.649462955,0.0,0.0,0.0,0.94099995626413,0.338406681835489,8.33333333333333
89634.119909285,43125.044587899,0.0,0.0,0.0,0.931207259948316,0.364490108260224,8.33333333333333
89633.689887384,43125.463481000,0.0,0.0,0.0,0.921550885623339,0.388257601608571,8.33333333333333
89633.280647092,43125.902719779,0.0,0.0,0.0,0.912475664377866,0.409130983815908,8.33333333333333
89632.890432283,43126.358960127,0.0,0.0,0.0,0.904226979971254,0.427052184975169,8.33333333333333
89632.517064693,43126.829103631,0.0,0.0,0.0,0.896988550368225,0.442053775584272,8.33333333333333
89632.158086451,43127.310335814,0.0,0.0,0.0,0.890888925197504,0.45422122689328,8.33333333333333
89631.810867185,43127.800126466,0.0,0.0,0.0,0.88601225444426,0.463661821778114,8.33333333333333
89631.472678127,43128.296203492,0.0,0.0,0.0,0.882409832387487,0.470481548741167,8.33333333333333
89631.140748171,43128.796495161,0.0,0.0,0.0,0.880110347061512,0.474769182861804,8.33333333333333
89630.812289905,43129.299074918,0.0,0.0,0.0,0.879127530948026,0.476586596883743,8.33333333333333
89630.484514964,43129.802100407,0.0,0.0,0.0,0.8794494474217,0.475992299758794,8.33333333333333
89630.155362488,43130.304225258,0.0,0.0,0.0,0.880218870313999,0.474567951238963,8.33333333333333
89629.824628635,43130.805309874,0.0,0.0,0.0,0.880945704838483,0.473217355056456,8.33333333333333
89629.492401941,43131.305405924,0.0,0.0,0.0,0.881630190401346,0.47194089394,8.33333333333333
89629.158770662,43131.804565992,0.0,0.0,0.0,0.882272557853369,0.470738923033643,8.33333333333333
89628.823822634,43132.302843727,0.0,0.0,0.0,0.882873028472224,0.469611771143233,8.33333333333333
89628.487645711,43132.800293147,0.0,0.0,0.0,0.88343181200499,0.468559743829513,8.33333333333333
89628.150327351,43133.296969229,0.0,0.0,0.0,0.883949106382846,0.467583123438996,8.33333333333333
89627.811954759,43133.792927652,0.0,0.0,0.0,0.884425096435525,0.466682171070432,8.33333333333333
89627.472614886,43134.288224768,0.0,0.0,0.0,0.884859952966936,0.465857127921589,8.33333333333333
89627.132394415,43134.782917608,0.0,0.0,0.0,0.88525383191716,0.465108216521688,8.33333333333333
89626.791380031,43135.277063454,0.0,0.0,0.0,0.885606873288073,0.464435642457513,8.33333333333333
89626.449658136,43135.770720246,0.0,0.0,0.0,0.885919200812284,0.463839594722275,8.33333333333333
89626.107314983,43136.263946364,0.0,0.0,0.0,0.886190921155986,0.463320246979025,8.33333333333333
89625.764436629,43136.756800691,0.0,0.0,0.0,0.886422123391954,0.462877758335069,8.33333333333333
89625.421109138,43137.249342304,0.0,0.0,0.0,0.88661287835849,0.462512274354826,8.33333333333333
89625.077418525,43137.741630550,0.0,0.0,0.0,0.886763238315209,0.462223927520767,8.33333333333333
89624.733450716,43138.233725101,0.0,0.0,0.0,0.886873236601955,0.462012837699531,8.33333333333333
89624.389291597,43138.725685870,0.0,0.0,0.0,0.886942887299129,0.461879112614421,8.33333333333333
89624.045027023,43139.217573003,0.0,0.0,0.0,0.88697218497282,0.461822848162087,8.33333333333333
89623.700743069,43139.709446510,0.0,0.0,0.0,0.886961104489395,0.461844128600715,8.33333333333333
89623.356525789,43140.201366616,0.0,0.0,0.0,0.886909600949491,0.461943026512594,8.33333333333333
89623.012460553,43140.693393011,0.0,0.0,0.0,0.886819842113111,0.462115318545574,8.33333333333333
89622.668614513,43141.185572756,0.0,0.0,0.0,0.886705177939485,0.462335297609112,8.33333333333333
89622.325036838,43141.677939814,0.0,0.0,0.0,0.886567815929638,0.462598646515261,8.33333333333333
89621.981775823,43142.170527660,0.0,0.0,0.0,0.886407731843265,0.462905317455393,8.33333333333333
89621.638879780,43142.663369657,0.0,0.0,0.0,0.886224905212377,0.463255239993368,8.33333333333333
89621.296397077,43143.156498952,0.0,0.0,0.0,0.886019319493727,0.463648320911305,8.33333333333333
89620.954376063,43143.649948538,0.0,0.0,0.0,0.885790962169221,0.4640844441902,8.33333333333333
89620.612865039,43144.143751251,0.0,0.0,0.0,0.885539824872147,0.464563470976149,8.33333333333333
89620.271912286,43144.637939678,0.0,0.0,0.0,0.885265903568274,0.465085239477074,8.33333333333333
89619.931566154,43145.132545986,0.0,0.0,0.0,0.884969198814655,0.465649564747298,8.33333333333333
89619.591874872,43145.627602136,0.0,0.0,0.0,0.884649715809674,0.466256238905028,8.33333333333333
89619.252886489,43146.123139943,0.0,0.0,0.0,0.8843074645032,0.466905031268589,8.33333333333333
89618.914649049,43146.619190750,0.0,0.0,0.0,0.883942459977002,0.467595688014557,8.33333333333333
89618.577210536,43147.115785471,0.0,0.0,0.0,0.883554722625332,0.468327932250974,8.33333333333333
89618.240619078,43147.612954237,0.0,0.0,0.0,0.883144278657448,0.469101463517879,8.33333333333333
89617.904922133,43148.110727546,0.0,0.0,0.0,0.882711159358194,0.469915959661419,8.33333333333333
89617.570167278,43148.609135046,0.0,0.0,0.0,0.882255402246324,0.470771075159867,8.33333333333333
89617.236401934,43149.108205899,0.0,0.0,0.0,0.88177705102333,0.471666441766424,8.33333333333333
89616.903673437,43149.607968610,0.0,0.0,0.0,0.881276155951625,0.472601668375311,8.33333333333333
89616.572029111,43150.108450878,0.0,0.0,0.0,0.88075277427021,0.47357634085259,8.33333333333333
89616.241580961,43150.609724236,0.0,0.0,0.0,0.880055803538398,0.474870279822168,8.33333333333333
89615.913364041,43151.112460887,0.0,0.0,0.0,0.878595367614406,0.477566937723401,8.33333333333333
89615.589110326,43151.617760877,0.0,0.0,0.0,0.876294101326035,0.481776553996971,8.33333333333333
89615.270610928,43152.126704399,0.0,0.0,0.0,0.873119110383171,0.487506942600513,8.33333333333333
89614.959721558,43152.640329967,0.0,0.0,0.0,0.869024475914904,0.4947690979243,8.33333333333333
89614.658383931,43153.159613416,0.0,0.0,0.0,0.863952433143996,0.503573423906157,8.33333333333333
89614.368638739,43153.685447392,0.0,0.0,0.0,0.857835252508371,0.513924780054338,8.33333333333333
89614.092632206,43154.218614166,0.0,0.0,0.0,0.850598218348178,0.525816195017712,8.33333333333333
89613.832612516,43154.759753131,0.0,0.0,0.0,0.842164104482976,0.539221309965015,8.33333333333333
89613.590917366,43155.309313327,0.0,0.0,0.0,0.832459709561109,0.554085581798908,8.33333333333333
89613.369937050,43155.867517631,0.0,0.0,0.0,0.821424287373416,0.570317578295703,8.33333333333333
89613.172063267,43156.434316539,0.0,0.0,0.0,0.80902006883021,0.587781020644561,8.33333333333333
89612.999615071,43157.009352600,0.0,0.0,0.0,0.79524385570009,0.606289707954254,8.33333333333333
89612.854745646,43157.591942856,0.0,0.0,0.0,0.780138047806402,0.625607405938274,8.33333333333333
89612.739340383,43158.181074130,0.0,0.0,0.0,0.763799140876696,0.645454004864809,8.33333333333333
89612.654925111,43158.775433440,0.0,0.0,0.0,0.746341876841625,0.665562771549401,8.33333333333333
89612.602928364,43159.373493504,0.0,0.0,0.0,0.727536994211968,0.686068452891558,8.33333333333333
89612.585280194,43159.973540516,0.0,0.0,0.0,0.706917361477093,0.707296150167852,8.33333333333333
89612.604514620,43160.573524725,0.0,0.0,0.0,0.683958681957751,0.729520747734166,8.33333333333333
89612.663737512,43161.170868068,0.0,0.0,0.0,0.658071687340275,0.752955280425819,8.33333333333333
89612.766549725,43161.762241232,0.0,0.0,0.0,0.628610170998525,0.777720549373106,8.33333333333333
89612.916876292,43162.343327034,0.0,0.0,0.0,0.594912077323517,0.803790781394399,8.33333333333333
89613.118625082,43162.908574508,0.0,0.0,0.0,0.556397887491232,0.830915995029157,8.33333333333333
89613.375130731,43163.451118264,0.0,0.0,0.0,0.512740939848026,0.858543376075876,8.33333333333333
89613.688374729,43163.962955628,0.0,0.0,0.0,0.464101078048109,0.885782247143497,8.33333333333333
89614.057699952,43164.435900812,0.0,0.0,0.0,0.413001566731086,0.910730314570493,8.33333333333333
89614.476668478,43164.865556309,0.0,0.0,0.0,0.364290850186684,0.931285228310995,8.33333333333333
89614.937373969,43165.250173629,0.0,0.0,0.0,0.317599122531039,0.948225077377473,8.33333333333333
89615.433215855,43165.588323819,0.0,0.0,0.0,0.272098273832043,0.962269468172831,8.33333333333333
89615.958661286,43165.878362041,0.0,0.0,0.0,0.226854874522341,0.973928573307844,8.33333333333333
89616.508891564,43166.118067382,0.0,0.0,0.0,0.180865541734894,0.983507832105542,8.33333333333333
89617.079401069,43166.304385755,0.0,0.0,0.0,0.133062753006428,0.991107614622323,8.33333333333333
89617.665538420,43166.433252888,0.0,0.0,0.0,0.0823211045452349,0.996605857772496,8.33333333333333
89618.261959312,43166.499525795,0.0,0.0,0.0,0.0275000350664456,0.999621802519005,8.33333333333333
89618.861988566,43166.497122409,0.0,0.0,0.0,-0.0324263241638871,0.999474128480182,8.33333333333333
89619.457104324,43166.420697157,0.0,0.0,0.0,-0.0945758816539165,0.995517655599028,8.33333333333333
89620.038837635,43166.273521442,0.0,0.0,0.0,-0.151528805909425,0.988452842061605,8.33333333333333
89620.601219935,43166.064051193,0.0,0.0,0.0,-0.201976136308671,0.979390443266536,8.33333333333333
89621.140946834,43165.801504140,0.0,0.0,0.0,-0.245800438507144,0.969320454973326,8.33333333333333
89621.656782291,43165.494579538,0.0,0.0,0.0,-0.283532530837308,0.958962618644226,8.33333333333333
89622.148883295,43165.150822138,0.0,0.0,0.0,-0.315979681704131,0.948765956782892,8.33333333333333
89622.618179610,43164.776483273,0.0,0.0,0.0,-0.343990191633714,0.938973241397113,8.33333333333333
89623.065954465,43164.376620734,0.0,0.0,0.0,-0.368341429162215,0.929690589154659,8.33333333333333
89623.493596065,43163.955275892,0.0,0.0,0.0,-0.389702836215001,0.920940660111163,8.33333333333333
89623.902452311,43163.515662208,0.0,0.0,0.0,-0.408635565138826,0.912697636078714,8.33333333333333
89624.293654564,43163.060264471,0.0,0.0,0.0,-0.425887884628081,0.904775944489584,8.33333333333333
89624.667825061,43162.590766632,0.0,0.0,0.0,-0.441934907813998,0.897047120978287,8.33333333333333
89625.025698805,43162.108721848,0.0,0.0,0.0,-0.456597566027466,0.889673346064607,8.33333333333333
89625.368331592,43161.615724172,0.0,0.0,0.0,-0.469733584223195,0.8828082237116,8.33333333333333
89625.697066925,43161.113347962,0.0,0.0,0.0,-0.48124375985495,0.876586814639983,8.33333333333333
89626.013343040,43160.603030664,0.0,0.0,0.0,-0.491450340772139,0.870905599106441,8.33333333333333
89626.318057619,43160.085724382,0.0,0.0,0.0,-0.50084540896308,0.865536756192714,8.33333333333333
89626.611963003,43159.562199222,0.0,0.0,0.0,-0.509431255296104,0.860511357349475,8.33333333333333
89626.895860879,43159.033177918,0.0,0.0,0.0,-0.517213198238773,0.855856592875009,8.33333333333333
89627.170590319,43158.499337071,0.0,0.0,0.0,-0.524200620086858,0.851594803824303,8.33333333333333
89627.437020392,43157.961304142,0.0,0.0,0.0,-0.530405644908426,0.847743977772344,8.33333333333333
89627.696040489,43157.419663106,0.0,0.0,0.0,-0.535841878318718,0.844318353134567,8.33333333333333
89627.948554261,43156.874957383,0.0,0.0,0.0,-0.540523384293228,0.84132899096144,8.33333333333333
89628.195475052,43156.327693236,0.0,0.0,0.0,-0.544463833582944,0.838784319071455,8.33333333333333
89628.437722712,43155.778343325,0.0,0.0,0.0,-0.547675810024277,0.836690628078414,8.33333333333333
89628.676220012,43155.227353989,0.0,0.0,0.0,-0.550170241154466,0.835052516760495,8.33333333333333
89628.911891438,43154.675149570,0.0,0.0,0.0,-0.55195598308878,0.833873247401845,8.33333333333333
89629.145662217,43154.122137903,0.0,0.0,0.0,-0.553039508100053,0.833155029079494,8.33333333333333
89629.378458318,43153.568714857,0.0,0.0,0.0,-0.553424690305178,0.83289922089087,8.33333333333333
89629.611205790,43153.015271336,0.0,0.0,0.0,-0.553112673847559,0.833106457800685,8.33333333333333
89629.844831188,43152.462198177,0.0,0.0,0.0,-0.552101827142368,0.833776692206048,8.33333333333333
89630.080261889,43151.909891316,0.0,0.0,0.0,-0.550387771081241,0.83490915759993,8.33333333333333
89630.318425965,43151.358757654,0.0,0.0,0.0,-0.547963487999891,0.836502250934803,8.33333333333333
89630.560251417,43150.809221545,0.0,0.0,0.0,-0.544819524133386,0.838553329325613,8.33333333333333
89630.806665644,43150.261728966,0.0,0.0,0.0,-0.540948592991866,0.841055657932411,8.33333333333333
89631.058330173,43149.716630063,0.0,0.0,0.0,-0.536886366656098,0.843654567520863,8.33333333333333
89631.315110112,43149.173921343,0.0,0.0,0.0,-0.533016062292119,0.846105121919614,8.33333333333333
89631.576718131,43148.633523557,0.0,0.0,0.0,-0.529344457794623,0.848407004333484,8.33333333333333
89631.842864611,43148.095346272,0.0,0.0,0.0,-0.525877550700489,0.85056028691049,8.33333333333333
89632.113257973,43147.559289805,0.0,0.0,0.0,-0.522620574831569,0.852565384450202,8.33333333333333
89632.387605424,43147.025246096,0.0,0.0,0.0,-0.519578014787699,0.854423013822353,8.33333333333333
89632.665614089,43146.493098741,0.0,0.0,0.0,-0.51675362131419,0.856134157044718,8.33333333333333
89632.946991382,43145.962724378,0.0,0.0,0.0,-0.514150439145413,0.857700020943557,8.33333333333333
89633.231445149,43145.433994327,0.0,0.0,0.0,-0.511770837965526,0.85912199914102,8.33333333333333
89633.518685706,43144.906772569,0.0,0.0,0.0,-0.50961652949159,0.860401646249557,8.33333333333333
89633.808424908,43144.380919175,0.0,0.0,0.0,-0.507688612092621,0.861540639291884,8.33333333333333
89634.100376861,43143.856290480,0.0,0.0,0.0,-0.505987599745325,0.862540752025065,8.33333333333333
89634.394257488,43143.332741213,0.0,0.0,0.0,-0.504513457809253,0.863403828396279,8.33333333333333
89634.689954280,43142.810214242,0.0,0.0,0.0,-0.502609152943869,0.864513758928709,8.33333333333333
89634.989572252,43142.289927881,0.0,0.0,0.0,-0.49782966504549,0.867274826453931,8.33333333333333
89635.296779403,43141.774093428,0.0,0.0,0.0,-0.489874692170824,0.871792857260566,8.33333333333333
89635.615258991,43141.265152451,0.0,0.0,0.0,-0.478604922899365,0.878030368368027,8.33333333333333
89635.948660686,43140.765869438,0.0,0.0,0.0,-0.463830601570086,0.885923909287436,8.33333333333333
89636.300531803,43140.279447482,0.0,0.0,0.0,-0.445340110181498,0.895361483571597,8.33333333333333
89636.674203396,43139.809592209,0.0,0.0,0.0,-0.422945122103356,0.906155297776809,8.33333333333333
89637.072595560,43139.360532831,0.0,0.0,0.0,-0.396547285271176,0.91801429757061,8.33333333333333
89637.497943670,43138.936954006,0.0,0.0,0.0,-0.36622440694506,0.930526562628783,8.33333333333333
89637.951506971,43138.543765905,0.0,0.0,0.0,-0.332318023678976,0.943167392957422,8.33333333333333
89638.433279166,43138.185744257,0.0,0.0,0.0,-0.295549101337873,0.955327550475948,8.33333333333333
89638.941507426,43137.866374257,0.0,0.0,0.0,-0.258101310313321,0.966117857000142,8.33333333333333
89639.473079773,43137.587585712,0.0,0.0,0.0,-0.220027845786789,0.97549359151069,8.33333333333333
89640.025101968,43137.351892178,0.0,0.0,0.0,-0.180415118751276,0.983590557562425,8.33333333333333
89640.594719157,43137.162699561,0.0,0.0,0.0,-0.138392490793869,0.990377462633247,8.33333333333333
89641.178733088,43137.024305491,0.0,0.0,0.0,-0.0931386590784487,0.995653147529333,8.33333333333333
89641.773186542,43136.941800314,0.0,0.0,0.0,-0.0439424545590637,0.999034063827317,8.33333333333333
89642.372924412,43136.920776939,0.0,0.0,0.0,0.00966159051151714,0.999953325745151,8.33333333333333
89642.971219136,43136.966718861,0.0,0.0,0.0,0.0674854343096088,0.997720259469579,8.33333333333333
89643.560213373,43137.081489356,0.0,0.0,0.0,0.124060233156625,0.992274689060002,8.33333333333333
89644.132941580,43137.260673984,0.0,0.0,0.0,0.177494723932967,0.984121752109951,8.33333333333333
89644.683495312,43137.499503449,0.0,0.0,0.0,0.228594392382366,0.973521753106389,8.33333333333333
89645.206464974,43137.793886043,0.0,0.0,0.0,0.278300178063584,0.960494149326157,8.33333333333333
89645.696413921,43138.140442918,0.0,0.0,0.0,0.327602589030715,0.944815613577788,8.33333333333333
89646.147392904,43138.536365735,0.0,0.0,0.0,0.377490027568346,0.926013649514114,8.33333333333333
89646.552479930,43138.979090873,0.0,0.0,0.0,0.428890692006028,0.903356393850506,8.33333333333333
89646.903596063,43139.465668630,0.0,0.0,0.0,0.481704876109637,0.876333505197764,8.33333333333333
89647.195351364,43139.990031869,0.0,0.0,0.0,0.531081304077376,0.847320865115142,8.33333333333333
89647.427372695,43140.543473632,0.0,0.0,0.0,0.575511120174327,0.817793953606709,8.33333333333333
89647.601664713,43141.117757344,0.0,0.0,0.0,0.614822349728162,0.788665631478095,8.33333333333333
89647.721620692,43141.705844806,0.0,0.0,0.0,0.649338297113793,0.760499688298003,8.33333333333333
89647.791203644,43142.302030912,0.0,0.0,0.0,0.679639824440297,0.733545982904114,8.33333333333333
89647.814375957,43142.901836967,0.0,0.0,0.0,0.706392399891556,0.707820441478944,8.33333333333333
89647.794754014,43143.501792862,0.0,0.0,0.0,0.730247428546098,0.683182766982461,8.33333333333333
89647.735430489,43144.099146920,0.0,0.0,0.0,0.751797355857668,0.65939421875341,8.33333333333333
89647.638902131,43144.691638348,0.0,0.0,0.0,0.771566324216113,0.63614888771076,8.33333333333333
89647.507057440,43145.277288514,0.0,0.0,0.0,0.789967200052686,0.613149103270093,8.33333333333333
89647.341815704,43145.854412005,0.0,0.0,0.0,0.806714651360024,0.590941174129096,8.33333333333333
89647.145896152,43146.421867687,0.0,0.0,0.0,0.821655043578979,0.569985078191724,8.33333333333333
89646.922267140,43146.978998615,0.0,0.0,0.0,0.834825384744308,0.550514829034167,8.33333333333333
89646.673950668,43147.525584190,0.0,0.0,0.0,0.84631217630536,0.532687244297519,8.33333333333333
89646.403912713,43148.061781513,0.0,0.0,0.0,0.856230121821066,0.516594597809813,8.33333333333333
89646.114994081,43148.588055474,0.0,0.0,0.0,0.86470450598587,0.50228091475561,8.33333333333333
89645.809874982,43149.105113723,0.0,0.0,0.0,0.871858182854231,0.489758419008921,8.33333333333333
89645.491066059,43149.613851991,0.0,0.0,0.0,0.877802714974788,0.479022330985614,8.33333333333333
89645.160919108,43150.115311483,0.0,0.0,0.0,0.882632658230692,0.470063390006733,8.33333333333333
89644.821650231,43150.610649919,0.0,0.0,0.0,0.886427188988222,0.462868057466097,8.33333333333333
89644.474998244,43151.100852530,0.0,0.0,0.0,0.889696874955958,0.456551717435826,8.33333333333333
89644.121595898,43151.586210352,0.0,0.0,0.0,0.892746059979406,0.450560176215394,8.33333333333333
89643.761896874,43152.066919827,0.0,0.0,0.0,0.895571049174442,0.444918527239076,8.33333333333333
89643.396365184,43152.543210650,0.0,0.0,0.0,0.89816957207096,0.439649200847527,8.33333333333333
89643.025473672,43153.015341087,0.0,0.0,0.0,0.900540637577469,0.434771848296972,8.33333333333333
89642.649700834,43153.483595622,0.0,0.0,0.0,0.902684390504447,0.430303254855938,8.33333333333333
89642.269526237,43153.948284331,0.0,0.0,0.0,0.904601966796465,0.426257295149265,8.33333333333333
89641.885430129,43154.409737188,0.0,0.0,0.0,0.906295324404367,0.422644986913111,8.33333333333333
89641.497890128,43154.868302341,0.0,0.0,0.0,0.907767098249911,0.419474546706874,8.33333333333333
89641.107376543,43155.324339412,0.0,0.0,0.0,0.909027799828511,0.416735478617955,8.33333333333333
89640.714310565,43155.778176906,0.0,0.0,0.0,0.910109094069226,0.414368720938842,8.33333333333333
89640.319070000,43156.230122919,0.0,0.0,0.0,0.911018062432949,0.412366451012828,8.33333333333333
89639.922025445,43156.680485708,0.0,0.0,0.0,0.911758583306679,0.41072653404254,8.33333333333333
89639.523540962,43157.129574872,0.0,0.0,0.0,0.91233393761802,0.409446927293879,8.33333333333333
89639.123974674,43157.577701271,0.0,0.0,0.0,0.912746804119666,0.408525729384743,8.33333333333333
89638.723679330,43158.025177064,0.0,0.0,0.0,0.912999257143977,0.407961219302211,8.33333333333333
89638.323004807,43158.472313666,0.0,0.0,0.0,0.913092765958583,0.407751886266765,8.33333333333333
89637.922298651,43158.919421935,0.0,0.0,0.0,0.913028199106492,0.40789644229431,8.33333333333333
89637.521907304,43159.366811614,0.0,0.0,0.0,0.912805829934326,0.408393825660851,8.33333333333333
89637.122176490,43159.814791699,0.0,0.0,0.0,0.912425343344181,0.409243195207023,8.33333333333333
89636.723453332,43160.263668852,0.0,0.0,0.0,0.911885845471382,0.410443911916042,8.33333333333333
89636.326086999,43160.713747394,0.0,0.0,0.0,0.911185875137966,0.41199551083605,8.33333333333333
89635.930429711,43161.165328818,0.0,0.0,0.0,0.91032341773076,0.413897662630497,8.33333333333333
89635.536834147,43161.618708174,0.0,0.0,0.0,0.909310350508098,0.416118596627018,8.33333333333333
89635.145452418,43162.073999994,0.0,0.0,0.0,0.9083265973496,0.418261631693965,8.33333333333333
89634.756124086,43162.531049045,0.0,0.0,0.0,0.907428011416832,0.420207572630591,8.33333333333333
89634.368660029,43162.989679695,0.0,0.0,0.0,0.906615926359695,0.421956824889647,8.33333333333333
89633.982868863,43163.449718632,0.0,0.0,0.0,0.905891528165669,0.423509786424905,8.33333333333333
89633.598557364,43163.910994468,0.0,0.0,0.0,0.905255862581087,0.424866830033331,8.33333333333333
89633.215530580,43164.373337686,0.0,0.0,0.0,0.9047098413223,0.426028288983934,8.33333333333333
89632.833592087,43164.836580368,0.0,0.0,0.0,0.904254248000831,0.426994443725502,8.33333333333333
89632.452544196,43165.300555969,0.0,0.0,0.0,0.903889743205974,0.427765510679669,8.33333333333333
89632.072188158,43165.765099042,0.0,0.0,0.0,0.903616868811445,0.428341632811241,8.33333333333333
89631.692324497,43166.230044816,0.0,0.0,0.0,0.903436051446346,0.428722871966304,8.33333333333333
89631.312753024,43166.695229117,0.0,0.0,0.0,0.903347604824904,0.42890920351178,8.33333333333333
89630.933273082,43167.160488017,0.0,0.0,0.0,0.903351731342353,0.428900512334472,8.33333333333333
89630.553683579,43167.625657724,0.0,0.0,0.0,0.903448522688905,0.428696590669013,8.33333333333333
89630.173783550,43168.090573823,0.0,0.0,0.0,0.903637959358189,0.428297137985964,8.33333333333333
89629.793372026,43168.555071375,0.0,0.0,0.0,0.90391990920433,0.427701762615068,8.33333333333333
89629.412248269,43169.018984566,0.0,0.0,0.0,0.904294125056196,0.426909985112609,8.33333333333333
89629.030211854,43169.482146556,0.0,0.0,0.0,0.904760241491012,0.4259212432095,8.33333333333333
89628.647063161,43169.944388853,0.0,0.0,0.0,0.905317770174259,0.424734899680622,8.33333333333333
89628.262603495,43170.405541158,0.0,0.0,0.0,0.905966094548344,0.423350251598863,8.33333333333333
89627.876621842,43170.865420077,0.0,0.0,0.0,0.906747401411151,0.421674222634163,8.33333333333333
89627.488466287,43171.323464981,0.0,0.0,0.0,0.908008967030076,0.418950731939895,8.33333333333333
89627.096959945,43171.778647932,0.0,0.0,0.0,0.909817955307794,0.415007576074878,8.33333333333333
89626.700916264,43172.229886658,0.0,0.0,0.0,0.912158474078108,0.40983767294808,8.33333333333333
89626.299181944,43172.676064394,0.0,0.0,0.0,0.91500843275668,0.403434713409944,8.33333333333333
89625.890650250,43173.116023913,0.0,0.0,0.0,0.918338835702071,0.395795127359301,8.33333333333333
89625.474275977,43173.548564794,0.0,0.0,0.0,0.92211307493833,0.386920504791072,8.33333333333333
89625.049091657,43173.972445002,0.0,0.0,0.0,0.926286344804261,0.376820391472067,8.33333333333333
89624.614227206,43174.386385004,0.0,0.0,0.0,0.93080529644918,0.365515389692629,8.33333333333333
89624.168929997,43174.789077694,0.0,0.0,0.0,0.935608108424132,0.353040319865901,8.33333333333333
89623.712750720,43175.179396594,0.0,0.0,0.0,0.940162745596335,0.340725713430557,8.33333333333333
89623.249668713,43175.561530564,0.0,0.0,0.0,0.941380289766099,0.33734722474017,8.33333333333333
89622.788139313,43175.945533229,0.0,0.0,0.0,0.938767786016946,0.344550495481926,8.33333333333333
89622.337113169,43176.341770746,0.0,0.0,0.0,0.931945494076144,0.362598395020127,8.33333333333333
89621.906832664,43176.760347964,0.0,0.0,0.0,0.920018099500782,0.391875868855139,8.33333333333333
89621.509467839,43177.210175337,0.0,0.0,0.0,0.902247031452536,0.431219542965166,8.33333333333333
89621.154250760,43177.693952843,0.0,0.0,0.0,0.881489348936038,0.472203904804185,8.33333333333333
89620.845522670,43178.208629374,0.0,0.0,0.0,0.858274507391776,0.513190870886656,8.33333333333333
89620.587237610,43178.750367383,0.0,0.0,0.0,0.832494870469421,0.554032752318942,8.33333333333333
89620.383048455,43179.314712631,0.0,0.0,0.0,0.804121144809659,0.594465461124533,8.33333333333333
89620.236050390,43179.896574634,0.0,0.0,0.0,0.773249933144047,0.634101364840612,8.33333333333333
89620.147714887,43180.490189227,0.0,0.0,0.0,0.741312952622924,0.671159523715102,8.33333333333333
89620.116289480,43181.089543488,0.0,0.0,0.0,0.709299286329193,0.704907456630228,8.33333333333333
89620.139564718,43181.689286786,0.0,0.0,0.0,0.677046973572313,0.735939804315931,8.33333333333333
89620.215639239,43182.284651101,0.0,0.0,0.0,0.644292733119123,0.764778970716304,8.33333333333333
89620.342974065,43182.871198071,0.0,0.0,0.0,0.610723198374684,0.791844160783545,8.33333333333333
89620.519759313,43183.444794027,0.0,0.0,0.0,0.577102183498756,0.816671947480118,8.33333333333333
89620.742861966,43184.002024655,0.0,0.0,0.0,0.543844676315102,0.839185895999046,8.33333333333333
89621.009350945,43184.539866173,0.0,0.0,0.0,0.510599149904935,0.859818880995502,8.33333333333333
89621.316810325,43185.055389487,0.0,0.0,0.0,0.476930798544675,0.878940847497452,8.33333333333333
89621.663296110,43185.545533288,0.0,0.0,0.0,0.442329324843196,0.896852701609223,8.33333333333333
89622.047258595,43186.006897359,0.0,0.0,0.0,0.406206508700381,0.913781304410113,8.33333333333333
89622.467423254,43186.435534125,0.0,0.0,0.0,0.367889949198686,0.929869337745142,8.33333333333333
89622.922615679,43186.826739445,0.0,0.0,0.0,0.326621132157672,0.945155350208653,8.33333333333333
89623.411503673,43187.174858085,0.0,0.0,0.0,0.28157193136278,0.959540122907132,8.33333333333333
89623.932249095,43187.473164000,0.0,0.0,0.0,0.231908712664554,0.972737554014581,8.33333333333333
89624.481412134,43187.715133390,0.0,0.0,0.0,0.18022044209977,0.983626246218229,8.33333333333333
89625.052735916,43187.898845101,0.0,0.0,0.0,0.129939690562942,0.99152189931257,8.33333333333333
89625.639460067,43188.025126822,0.0,0.0,0.0,0.0821158945008029,0.996622787151856,8.33333333333333
89626.235406389,43188.096399176,0.0,0.0,0.0,0.0373791809394331,0.999301154223439,8.33333333333333
89626.835301873,43188.116080836,0.0,0.0,0.0,-0.00402855897390956,0.999991885323373,8.33333333333333
89627.434896370,43188.088043322,0.0,0.0,0.0,-0.0421609703262981,0.999110830979799,8.33333333333333
89628.030854040,43188.016196927,0.0,0.0,0.0,-0.0772587760545228,0.997011073921728,8.33333333333333
89628.620603567,43187.904229543,0.0,0.0,0.0,-0.109663066832421,0.993968818310166,8.33333333333333
89629.202178218,43187.755459220,0.0,0.0,0.0,-0.139756362414234,0.990185921514107,8.33333333333333
89629.774020755,43187.572779179,0.0,0.0,0.0,-0.167925722034766,0.985799650983455,8.33333333333333
89630.334853426,43187.358646767,0.0,0.0,0.0,-0.19454617714378,0.980893360645662,8.33333333333333
89630.883559056,43187.115100128,0.0,0.0,0.0,-0.21997514788932,0.975505476310139,8.33333333333333
89631.419082476,43186.843785907,0.0,0.0,0.0,-0.24455418468963,0.969635627826654,8.33333333333333
89631.940345549,43186.545988792,0.0,0.0,0.0,-0.268615242510068,0.963247554625112,8.33333333333333
89632.446231436,43186.222755832,0.0,0.0,0.0,-0.291904173478042,0.956447569658735,8.33333333333333
89632.937260542,43185.877335832,0.0,0.0,0.0,-0.310697442294518,0.950508863373533,8.33333333333333
89633.416300743,43185.515441060,0.0,0.0,0.0,-0.324161399294485,0.94600179027708,8.33333333333333
89633.886993625,43185.142733091,0.0,0.0,0.0,-0.332222320048551,0.943201107962432,8.33333333333333
89634.353450350,43184.764727013,0.0,0.0,0.0,-0.334808066620062,0.942286346354512,8.33333333333333
89634.820067622,43184.386922159,0.0,0.0,0.0,-0.331790163658265,0.943353214495833,8.33333333333333
89635.291369240,43184.014987816,0.0,0.0,0.0,-0.32295959970524,0.94641275189963,8.33333333333333
89635.771819899,43183.654972784,0.0,0.0,0.0,-0.308042394029462,0.951372631244245,8.33333333333333
89636.265570663,43183.313478339,0.0,0.0,0.0,-0.286767234855504,0.958000288629042,8.33333333333333
89636.776114741,43182.997701913,0.0,0.0,0.0,-0.258998439128172,0.965877739949095,8.33333333333333
89637.305785885,43182.715265665,0.0,0.0,0.0,-0.225121578657034,0.974330680427833,8.33333333333333
89637.854218422,43182.471243839,0.0,0.0,0.0,-0.190776527542444,0.981633493998064,8.33333333333333
89638.417975080,43182.265046342,0.0,0.0,0.0,-0.158372745910901,0.98737939686457,8.33333333333333
89638.993741446,43182.095189145,0.0,0.0,0.0,-0.127798318650535,0.991800176320864,8.33333333333333
89639.578663052,43181.960136200,0.0,0.0,0.0,-0.0988809998774074,0.995099265331476,8.33333333333333
89640.170299318,43181.858405928,0.0,0.0,0.0,-0.0714132959383359,0.997446811195075,8.33333333333333
89640.766556469,43181.788645707,0.0,0.0,0.0,-0.0451695859063984,0.998979333374342,8.33333333333333
89641.365619688,43181.749679663,0.0,0.0,0.0,-0.01991607515828,0.999801655304836,8.33333333333333
89641.965883424,43181.740539026,0.0,0.0,0.0,0.00458448025949558,0.999989491215158,8.33333333333333
89642.565888279,43181.760481061,0.0,0.0,0.0,0.0285721598884881,0.999591732498477,8.33333333333333
89643.164263128,43181.808986037,0.0,0.0,0.0,0.0521936963224425,0.998636980120504,8.33333333333333
89643.759749468,43181.885182726,0.0,0.0,0.0,0.0747754486035032,0.997200397255308,8.33333333333333
89644.351311440,43181.987509074,0.0,0.0,0.0,0.096074842002521,0.995374112951603,8.33333333333333
89644.938128280,43182.114270912,0.0,0.0,0.0,0.116043696765263,0.993244109190209,8.33333333333333
89645.519583223,43182.263732481,0.0,0.0,0.0,0.134665651437814,0.990891095087058,8.33333333333333
89646.095246796,43182.434159676,0.0,0.0,0.0,0.151948945318622,0.988388343727585,8.33333333333333
89646.664858201,43182.623852771,0.0,0.0,0.0,0.167919393872635,0.985800728931282,8.33333333333333
89647.228299958,43182.831166947,0.0,0.0,0.0,0.182613845126435,0.983184714877189,8.33333333333333
89647.785579243,43183.054525411,0.0,0.0,0.0,0.19607467908492,0.980588965990208,8.33333333333333
89648.336808993,43183.292424352,0.0,0.0,0.0,0.208345104727912,0.978055375393395,8.33333333333333
89648.882205011,43183.543424940,0.0,0.0,0.0,0.219399571777771,0.975635089520529,8.33333333333333
89649.422223031,43183.805797015,0.0,0.0,0.0,0.228705693872171,0.973495611490082,8.33333333333333
89649.957672930,43184.077377388,0.0,0.0,0.0,0.236053902055707,0.971739962811181,8.33333333333333
89650.489536892,43184.355921267,0.0,0.0,0.0,0.241376924575419,0.970431440279277,8.33333333333333
89651.018916229,43184.639166603,0.0,0.0,0.0,0.244649046364779,0.969611697594869,8.33333333333333
89651.546973292,43184.924864307,0.0,0.0,0.0,0.245881851358419,0.969299806650428,8.33333333333333
89652.074895919,43185.210813893,0.0,0.0,0.0,0.245120035356464,0.969492737603973,8.33333333333333
89652.603837666,43185.494879702,0.0,0.0,0.0,0.242437540561942,0.970167015995842,8.33333333333333
89653.134870929,43185.775008737,0.0,0.0,0.0,0.237934470938677,0.971281209299929,8.33333333333333
89653.668961052,43186.049255416,0.0,0.0,0.0,0.231734318073096,0.972779114612972,8.33333333333333
89654.206958724,43186.315758436,0.0,0.0,0.0,0.223763400221629,0.974643494166588,8.33333333333333
89654.749960642,43186.571897337,0.0,0.0,0.0,0.212920957965482,0.97706942724612,8.33333333333333
89655.299287523,43186.814153300,0.0,0.0,0.0,0.198894541713123,0.980020898387747,8.33333333333333
89655.856098755,43187.038649407,0.0,0.0,0.0,0.181395461541879,0.983410233082821,8.33333333333333
89656.421318253,43187.240998732,0.0,0.0,0.0,0.160001444342013,0.987116780228393,8.33333333333333
89656.995528257,43187.416141120,0.0,0.0,0.0,0.134171396195717,0.990958140610839,8.33333333333333
89657.578772153,43187.558207904,0.0,0.0,0.0,0.103281537149725,0.994652162358274,8.33333333333333
89658.170251950,43187.660472357,0.0,0.0,0.0,0.0667096740490465,0.997772428657091,8.33333333333333
89658.767933625,43187.715489665,0.0,0.0,0.0,0.0240009954881343,0.999711934616957,8.33333333333333
89659.368087674,43187.715568862,0.0,0.0,0.0,-0.0248599246555483,0.999690944315352,8.33333333333333
89659.965016351,43187.653907173,0.0,0.0,0.0,-0.0782283720164936,0.996935465219113,8.33333333333333
89660.552015028,43187.529117732,0.0,0.0,0.0,-0.130565646872235,0.991439666271647,8.33333333333333
89661.122874373,43187.343982716,0.0,0.0,0.0,-0.181539577354855,0.983383639203857,8.33333333333333
89661.671735213,43187.101268684,0.0,0.0,0.0,-0.231680236469566,0.972791996281531,8.33333333333333
89662.192818499,43186.803565487,0.0,0.0,0.0,-0.281503693068228,0.959560144435433,8.33333333333333
89662.680195763,43186.453412440,0.0,0.0,0.0,-0.331446692579793,0.943473947694326,8.33333333333333
89663.127654417,43186.053532030,0.0,0.0,0.0,-0.381800533806581,0.924244747015102,8.33333333333333
89663.528701142,43185.607143646,0.0,0.0,0.0,-0.432639427801196,0.90156703883397,8.33333333333333
89663.876746947,43185.118325604,0.0,0.0,0.0,-0.483701802254856,0.875232864154108,8.33333333333333
89664.167136265,43184.593180114,0.0,0.0,0.0,-0.531191563403157,0.847251747103132,8.33333333333333
89664.400525533,43184.040284393,0.0,0.0,0.0,-0.573415715745538,0.819264558574355,8.33333333333333
89664.579028117,43183.467268325,0.0,0.0,0.0,-0.611207437273731,0.791470447092801,8.33333333333333
89664.704848303,43182.880401203,0.0,0.0,0.0,-0.645445150168372,0.763806623514177,8.33333333333333
89664.779868611,43182.284887283,0.0,0.0,0.0,-0.676950969822278,0.736028113903727,8.33333333333333
89664.805424247,43181.685203634,0.0,0.0,0.0,-0.706454770225627,0.70775819149301,8.33333333333333
89664.782190541,43181.085421598,0.0,0.0,0.0,-0.734590689780432,0.678510514648012,8.33333333333333
89664.710133664,43180.489534719,0.0,0.0,0.0,-0.761903061302262,0.647691072331741,8.33333333333333
89664.588504681,43179.901773039,0.0,0.0,0.0,-0.788849946801509,0.614585845453063,8.33333333333333
89664.415877009,43179.326942136,0.0,0.0,0.0,-0.815792970618285,0.5783440404204,8.33333333333333
89664.190261602,43178.770806440,0.0,0.0,0.0,-0.842962461701701,0.537972386058809,8.33333333333333
89663.909368034,43178.240503293,0.0,0.0,0.0,-0.870386130747372,0.492369762884175,8.33333333333333
89663.571090606,43177.744883227,0.0,0.0,0.0,-0.897776760511202,0.440450778505399,8.33333333333333
89663.174434201,43177.294742113,0.0,0.0,0.0,-0.924391385664833,0.381445364513256,8.33333333333333
89662.720985440,43176.901950702,0.0,0.0,0.0,-0.948328438331956,0.317290360790985,8.33333333333333
89662.220102048,43176.571599709,0.0,0.0,0.0,-0.965935520070449,0.258782864707523,8.33333333333333
89661.685169341,43176.299550160,0.0,0.0,0.0,-0.977963632145436,0.208775319903736,8.33333333333333
89661.127100323,43176.078616546,0.0,0.0,0.0,-0.985907598947589,0.167290783779027,8.33333333333333
89660.553763984,43175.900806739,0.0,0.0,0.0,-0.991051808889075,0.133477758812819,8.33333333333333
89659.970548454,43175.758515418,0.0,0.0,0.0,-0.994338631363025,0.106257640568135,8.33333333333333
89659.381039743,43175.644938921,0.0,0.0,0.0,-0.996411135311216,0.0846454335910369,8.33333333333333
89658.787588105,43175.554088362,0.0,0.0,0.0,-0.99769412298751,0.0678707371124173,8.33333333333333
89658.191717006,43175.480623595,0.0,0.0,0.0,-0.998463598911402,0.0554115660209273,8.33333333333333
89657.594436922,43175.419612657,0.0,0.0,0.0,-0.998894516693606,0.0470079197524012,8.33333333333333
89656.996421665,43175.366243737,0.0,0.0,0.0,-0.999092793951699,0.0425862545170243,8.33333333333333
89656.398089013,43175.316537020,0.0,0.0,0.0,-0.999175762509517,0.040593048832594,8.33333333333333
89655.799665289,43175.268024528,0.0,0.0,0.0,-0.999174115873924,0.0406335596220817,8.33333333333333
89655.201351575,43175.218139653,0.0,0.0,0.0,-0.999078909697581,0.0429107468764394,8.33333333333333
89654.603399351,43175.164131536,0.0,0.0,0.0,-0.998869875921241,0.047528633233923,8.33333333333333
89654.006114132,43175.103200149,0.0,0.0,0.0,-0.998515529819849,0.0544677584318189,8.33333333333333
89653.409890252,43175.032656938,0.0,0.0,0.0,-0.997977101715488,0.0635744009138408,8.33333333333333
89652.815220023,43174.950087191,0.0,0.0,0.0,-0.997215896369399,0.0745684653736146,8.33333333333333
89652.222661723,43174.853487183,0.0,0.0,0.0,-0.996202094418666,0.0870711609883689,8.33333333333333
89651.632859850,43174.741368992,0.0,0.0,0.0,-0.994922330698459,0.100645694778996,8.33333333333333
89651.046444532,43174.612652126,0.0,0.0,0.0,-0.993328403893995,0.115319911625912,8.33333333333333
89650.464410864,43174.465396652,0.0,0.0,0.0,-0.99121510315481,0.132259666103464,8.33333333333333
89649.888213763,43174.296813080,0.0,0.0,0.0,-0.988395806576184,0.151900393490651,8.33333333333333
89649.319787075,43174.103669597,0.0,0.0,0.0,-0.984609994497052,0.174766011388128,8.33333333333333
89648.761814394,43173.882203006,0.0,0.0,0.0,-0.979480719824189,0.201537885998359,8.33333333333333
89648.217994030,43173.628024203,0.0,0.0,0.0,-0.972460942053595,0.233065905229045,8.33333333333333
89647.693499638,43173.336133719,0.0,0.0,0.0,-0.96276419789715,0.270342559075438,8.33333333333333
89647.195512902,43173.001121413,0.0,0.0,0.0,-0.94929509354049,0.314386426837979,8.33333333333333
89646.733801015,43172.617794548,0.0,0.0,0.0,-0.930642314664152,0.365930160217151,8.33333333333333
89646.320928293,43172.182470692,0.0,0.0,0.0,-0.905279899192139,0.424815611905531,8.33333333333333
89645.971260781,43171.695045816,0.0,0.0,0.0,-0.872635799705729,0.488371539989732,8.33333333333333
89645.693289782,43171.163393211,0.0,0.0,0.0,-0.837724613177093,0.54609291560804,8.33333333333333
89645.485592602,43170.600457570,0.0,0.0,0.0,-0.802930305889502,0.596072918261005,8.33333333333333
89645.344378636,43170.017221096,0.0,0.0,0.0,-0.768828539352085,0.639454984402921,8.33333333333333
89645.265465829,43169.422294708,0.0,0.0,0.0,-0.735427654698483,0.677603250217034,8.33333333333333
89645.245174175,43168.822466622,0.0,0.0,0.0,-0.702373788063733,0.711808304138834,8.33333333333333
89645.280738896,43168.223332543,0.0,0.0,0.0,-0.66908240627704,0.743188222195782,8.33333333333333
89645.370465864,43167.629884092,0.0,0.0,0.0,-0.634794940437824,0.772680647871124,8.33333333333333
89645.513762019,43167.047056593,0.0,0.0,0.0,-0.598581079691999,0.801062226693258,8.33333333333333
89645.711079899,43166.480262038,0.0,0.0,0.0,-0.559452235844251,0.828862591633178,8.33333333333333
89645.961679623,43165.934908064,0.0,0.0,0.0,-0.519995857078983,0.854168782279412,8.33333333333333
89646.260458427,43165.414355394,0.0,0.0,0.0,-0.482553946354306,0.875866250553066,8.33333333333333
89646.601056172,43164.920104311,0.0,0.0,0.0,-0.448058398800363,0.894004290406067,8.33333333333333
89646.977004208,43164.452142705,0.0,0.0,0.0,-0.417025159570637,0.908894942380628,8.33333333333333
89647.382280758,43164.009294830,0.0,0.0,0.0,-0.389628182915496,0.920972246638284,8.33333333333333
89647.811562474,43163.589638865,0.0,0.0,0.0,-0.365816142044388,0.930687138741994,8.33333333333333
89648.260294781,43163.190820938,0.0,0.0,0.0,-0.345418355738296,0.938448804953713,8.33333333333333
89648.724640492,43162.810273702,0.0,0.0,0.0,-0.328224133446522,0.94459987202163,8.33333333333333
89649.201372510,43162.445345968,0.0,0.0,0.0,-0.313995807719056,0.949424369149464,8.33333333333333
89649.688508738,43162.094428224,0.0,0.0,0.0,-0.299927065576959,0.953962135168055,8.33333333333333
89650.186316327,43161.758829918,0.0,0.0,0.0,-0.284309593840359,0.95873252518642,8.33333333333333
89650.695328851,43161.440490818,0.0,0.0,0.0,-0.267045714800884,0.963683862169791,8.33333333333333
89651.215947272,43161.141521681,0.0,0.0,0.0,-0.248043616032907,0.968748865571114,8.33333333333333
89651.748400123,43160.864194074,0.0,0.0,0.0,-0.227227144290185,0.973841786378941,8.33333333333333
89652.292694192,43160.610915836,0.0,0.0,0.0,-0.204548490066672,0.978856432379869,8.33333333333333
89652.848561394,43160.384185280,0.0,0.0,0.0,-0.18000337160953,0.983665993215787,8.33333333333333
89653.415406786,43160.186520159,0.0,0.0,0.0,-0.153647534331015,0.988125718314223,8.33333333333333
89653.992263735,43160.020360170,0.0,0.0,0.0,-0.125612300048356,0.992079407142675,8.33333333333333
89654.577779789,43159.887941599,0.0,0.0,0.0,-0.0961276199907476,0.995369017337246,8.33333333333333
89655.170161191,43159.790720103,0.0,0.0,0.0,-0.066416627864941,0.99779197809115,8.33333333333333
89655.767265901,43159.728792562,0.0,0.0,0.0,-0.0368734347839446,0.999319943665308,8.33333333333333
89656.366988960,43159.702348409,0.0,0.0,0.0,-0.00712081131557801,0.999974646701709,8.33333333333333
89656.967213753,43159.711931911,0.0,0.0,0.0,0.0232129983815278,0.999730542049276,8.33333333333333
89657.565705414,43159.758435507,0.0,0.0,0.0,0.0544998761472262,0.998513777321043,8.33333333333333
89658.159996750,43159.843084716,0.0,0.0,0.0,0.0871136474298551,0.996198380058644,8.33333333333333
89658.747258413,43159.967404399,0.0,0.0,0.0,0.121425286964419,0.992600574090912,8.33333333333333
89659.324173949,43160.133156296,0.0,0.0,0.0,0.157788897854114,0.987472867330533,8.33333333333333
89659.886826098,43160.342236210,0.0,0.0,0.0,0.196513872798879,0.980501044261344,8.33333333333333
89660.430529964,43160.596474919,0.0,0.0,0.0,0.237812095920895,0.971311179300285,8.33333333333333
89660.949836565,43160.897387895,0.0,0.0,0.0,0.281730127720467,0.959493686865427,8.33333333333333
89661.438523299,43161.245771451,0.0,0.0,0.0,0.328055356783492,0.94465850066871,8.33333333333333
89661.889881021,43161.641283003,0.0,0.0,0.0,0.376237013394215,0.926523453428029,8.33333333333333
89662.297169973,43162.082007641,0.0,0.0,0.0,0.425351213639544,0.905028366989326,8.33333333333333
89662.655210722,43162.563626311,0.0,0.0,0.0,0.47107984156103,0.882090575210298,8.33333333333333
89662.967919041,43163.075966106,0.0,0.0,0.0,0.505884494164999,0.862601228009457,8.33333333333333
89663.244621331,43163.608704083,0.0,0.0,0.0,0.530924917850626,0.847418864319945,8.33333333333333
89663.494856340,43164.154419694,0.0,0.0,0.0,0.547803226209874,0.836607210914449,8.33333333333333
89663.727588308,43164.707855106,0.0,0.0,0.0,0.557795165272082,0.829978646471758,8.33333333333333
89663.951078568,43165.265105038,0.0,0.0,0.0,0.56174663946166,0.827309321265953,8.33333333333333
89664.173050191,43165.822959677,0.0,0.0,0.0,0.560089843442048,0.828431872439166,8.33333333333333
89664.400955721,43166.378410118,0.0,0.0,0.0,0.552882877406962,0.833258977671527,8.33333333333333
89664.642215706,43166.928167809,0.0,0.0,0.0,0.539845103895464,0.841764375463879,8.33333333333333
89664.904398309,43167.468236210,0.0,0.0,0.0,0.520396489442664,0.853924758849251,8.33333333333333
89665.195200503,43167.993397140,0.0,0.0,0.0,0.493761671672139,0.869597269767755,8.33333333333333
89665.521256190,43168.497379681,0.0,0.0,0.0,0.461175635333681,0.887308871461666,8.33333333333333
89665.886291455,43168.973830484,0.0,0.0,0.0,0.422958654340634,0.90614898152476,8.33333333333333
89666.293335348,43169.414845831,0.0,0.0,0.0,0.377932636117868,0.925833096490398,8.33333333333333
89666.744489257,43169.810505110,0.0,0.0,0.0,0.325136563904983,0.945667073981145,8.33333333333333
89667.239742608,43170.149192885,0.0,0.0,0.0,0.264340488644172,0.964429419949102,8.33333333333333
89667.775156345,43170.419892976,0.0,0.0,0.0,0.199856001102658,0.979825279742901,8.33333333333333
89668.340936725,43170.619639777,0.0,0.0,0.0,0.13827669205384,0.990393637113369,8.33333333333333
89668.926885140,43170.748901295,0.0,0.0,0.0,0.0785823264170726,0.996907627603922,8.33333333333333
89669.524055432,43170.807578596,0.0,0.0,0.0,0.0192223452664571,0.999815233651927,8.33333333333333
89670.123936659,43170.794403734,0.0,0.0,0.0,-0.0415732921030484,0.999135456974536,8.33333333333333
89670.717629821,43170.707550032,0.0,0.0,0.0,-0.102923613145852,0.994689262964572,8.33333333333333
89671.296963501,43170.551158779,0.0,0.0,0.0,-0.158844157099673,0.987303668460365,8.33333333333333
89671.856521848,43170.334206480,0.0,0.0,0.0,-0.207644461742146,0.978204363876902,8.33333333333333
89672.393805677,43170.066664245,0.0,0.0,0.0,-0.249018717596942,0.968498672320399,8.33333333333333
89672.908612968,43169.757975352,0.0,0.0,0.0,-0.283459892341878,0.958984092377726,8.33333333333333
89673.402220965,43169.416332492,0.0,0.0,0.0,-0.311798433717552,0.950148270919482,8.33333333333333
89673.876699498,43169.048538838,0.0,0.0,0.0,-0.334906154606781,0.942251488513814,8.33333333333333
89674.334489048,43168.660137443,0.0,0.0,0.0,-0.353553560129179,0.935414282614919,8.33333333333333
89674.778154609,43168.255654177,0.0,0.0,0.0,-0.368357117567872,0.929684373288639,8.33333333333333
89675.210276954,43167.838850068,0.0,0.0,0.0,-0.379769066964691,0.925081323871998,8.33333333333333
89675.633400526,43167.412903740,0.0,0.0,0.0,-0.388413399223616,0.921485231191231,8.33333333333333
89676.048339723,43166.978983974,0.0,0.0,0.0,-0.397843303221092,0.917453380876724,8.33333333333333
89676.453422218,43166.535855975,0.0,0.0,0.0,-0.409035085034998,0.912518656910867,8.33333333333333
89676.846598298,43166.082138633,0.0,0.0,0.0,-0.422069802188923,0.906563335945263,8.33333333333333
89677.225579250,43165.616508529,0.0,0.0,0.0,-0.437022540034141,0.899450554228584,8.33333333333333
89677.587814508,43165.137747563,0.0,0.0,0.0,-0.453949994701331,0.891027161376499,8.33333333333333
89677.930484482,43164.644808184,0.0,0.0,0.0,-0.472873755931339,0.881130189558495,8.33333333333333
89678.250523484,43164.136889054,0.0,0.0,0.0,-0.493759815116894,0.869598323926473,8.33333333333333
89678.544657703,43163.613561241,0.0,0.0,0.0,-0.516494184769078,0.85629069660935,8.33333333333333
89678.809527661,43163.074845731,0.0,0.0,0.0,-0.540862246889881,0.841111187590101,8.33333333333333
89679.041862601,43162.521332538,0.0,0.0,0.0,-0.566378384133124,0.824145330622428,8.33333333333333
89679.239897143,43161.954636129,0.0,0.0,0.0,-0.591030724856141,0.806649045295427,8.33333333333333
89679.403889521,43161.377161812,0.0,0.0,0.0,-0.614389189638306,0.789003120181147,8.33333333333333
89679.534319324,43160.791191445,0.0,0.0,0.0,-0.636564295565884,0.771223636574185,8.33333333333333
89679.631692536,43160.198824659,0.0,0.0,0.0,-0.657674014602379,0.753302655323071,8.33333333333333
89679.696498738,43159.602012273,0.0,0.0,0.0,-0.677837279775095,0.735211957293337,8.33333333333333
89679.729182903,43159.002580036,0.0,0.0,0.0,-0.697169867054071,0.716905974638104,8.33333333333333
89679.730124948,43158.402257248,0.0,0.0,0.0,-0.715781520602938,0.698324290543688,8.33333333333333
89679.699626447,43157.802707397,0.0,0.0,0.0,-0.73377398056081,0.679393660149949,8.33333333333333
89679.637904124,43157.205563372,0.0,0.0,0.0,-0.751239460977723,0.660029751049073,8.33333333333333
89679.545089155,43156.612457052,0.0,0.0,0.0,-0.768259567132657,0.640138451828307,8.33333333333333
89679.421231657,43156.025050230,0.0,0.0,0.0,-0.784904179360762,0.619617163434011,8.33333333333333
89679.266309944,43155.445062577,0.0,0.0,0.0,-0.801230235207461,0.598356173352792,8.33333333333333
89679.080247383,43154.874305326,0.0,0.0,0.0,-0.817280015396986,0.576240727849657,8.33333333333333
89678.862934237,43154.314704715,0.0,0.0,0.0,-0.833079281691276,0.553153604721823,8.33333333333333
89678.614257445,43153.768324905,0.0,0.0,0.0,-0.848634954031583,0.528978936060609,8.33333333333333
89678.334137180,43153.237382152,0.0,0.0,0.0,-0.863932618529785,0.503607417181547,8.33333333333333
89678.022579265,43152.724263006,0.0,0.0,0.0,-0.878933683560482,0.476944000803872,8.33333333333333
89677.679728101,43152.231511930,0.0,0.0,0.0,-0.89357353964629,0.448916840009373,8.33333333333333
89677.305930479,43151.761811074,0.0,0.0,0.0,-0.907760652483974,0.419488495434463,8.33333333333333
89676.901920441,43151.317835515,0.0,0.0,0.0,-0.921142516489097,0.389225467198813,8.33333333333333
89676.470103614,43150.900834040,0.0,0.0,0.0,-0.932870689348361,0.360211433681267,8.33333333333333
89676.013842258,43150.510717478,0.0,0.0,0.0,-0.943002410135321,0.332785898858374,8.33333333333333
89675.536297299,43150.146942049,0.0,0.0,0.0,-0.951701069384697,0.307026178903402,8.33333333333333
89675.040348588,43149.808665400,0.0,0.0,0.0,-0.959139569243557,0.282933360901968,8.33333333333333
89674.528558489,43149.494852554,0.0,0.0,0.0,-0.965486344757809,0.260453677428837,8.33333333333333
89674.003169671,43149.204365120,0.0,0.0,0.0,-0.970897001918012,0.2394974147389,8.33333333333333
89673.466122692,43148.936029516,0.0,0.0,0.0,-0.975510284167094,0.219953825800406,8.33333333333333
89672.919084305,43148.688686255,0.0,0.0,0.0,-0.979446943261974,0.201701971568887,8.33333333333333
89672.363479993,43148.461223691,0.0,0.0,0.0,-0.982810349558213,0.184618029458836,8.33333333333333
89671.800526578,43148.252599916,0.0,0.0,0.0,-0.985688007914589,0.16857980618499,8.33333333333333
89671.231262599,43148.061856188,0.0,0.0,0.0,-0.988153437880165,0.153469160438219,8.33333333333333
89670.656575447,43147.888124762,0.0,0.0,0.0,-0.990268095721655,0.139172908986651,8.33333333333333
89670.077225223,43147.730633437,0.0,0.0,0.0,-0.992083163332871,0.12558263029354,8.33333333333333
89669.493865891,43147.588708677,0.0,0.0,0.0,-0.993641120231733,0.112593624085142,8.33333333333333
89668.907073576,43147.461736600,0.0,0.0,0.0,-0.994959400665301,0.100278567140469,8.33333333333333
89668.317454104,43147.348555438,0.0,0.0,0.0,-0.996000895311676,0.0893432512187716,8.33333333333333
89667.725655846,43147.247392766,0.0,0.0,0.0,-0.996791139252602,0.0800463909711134,8.33333333333333
89667.132232945,43147.156230089,0.0,0.0,0.0,-0.997365077383166,0.0725458642271929,8.33333333333333
89666.537659022,43147.072874852,0.0,0.0,0.0,-0.997756271178086,0.0669509023449399,8.33333333333333
89665.942337038,43146.995023675,0.0,0.0,0.0,-0.997993215222014,0.0633209473304661,8.33333333333333
89665.346612128,43146.920324460,0.0,0.0,0.0,-0.998096774495198,0.061667079890997,8.33333333333333
89664.750786016,43146.846434908,0.0,0.0,0.0,-0.99807892321164,0.0619553310110919,8.33333333333333
89664.155140725,43146.771076801,0.0,0.0,0.0,-0.997942760609698,0.0641112045331721,8.33333333333333
89663.559965531,43146.692084668,0.0,0.0,0.0,-0.997683630738729,0.0680247966258425,8.33333333333333
89662.965618530,43146.607133644,0.0,0.0,0.0,-0.997191216325906,0.0748977842293154,8.33333333333333
89662.373300285,43146.509141561,0.0,0.0,0.0,-0.995900537385883,0.0904550697004334,8.33333333333333
89661.785549110,43146.386894266,0.0,0.0,0.0,-0.993247397147321,0.116015550940694,8.33333333333333
89661.206683033,43146.228059506,0.0,0.0,0.0,-0.988221839883134,0.153028086239075,8.33333333333333
89660.644160270,43146.018947910,0.0,0.0,0.0,-0.97911213206998,0.203321009326086,8.33333333333333
89660.110089154,43145.745603315,0.0,0.0,0.0,-0.963820475864536,0.266552228098473,8.33333333333333
89659.616293714,43145.404791078,0.0,0.0,0.0,-0.945003748207597,0.327059498980833,8.33333333333333
89659.166644087,43145.007418817,0.0,0.0,0.0,-0.925183323433853,0.379520510697235,8.33333333333333
89658.760806758,43144.565273513,0.0,0.0,0.0,-0.905751284567027,0.423809639467037,8.33333333333333
89658.396028876,43144.088616146,0.0,0.0,0.0,-0.887545271468337,0.460720512994804,8.33333333333333
89658.068489526,43143.585579947,0.0,0.0,0.0,-0.870729139749973,0.491762915631377,8.33333333333333
89657.775302603,43143.061754896,0.0,0.0,0.0,-0.854673645498795,0.519165638009489,8.33333333333333
89657.514223785,43142.521191667,0.0,0.0,0.0,-0.839473504814342,0.543400620826591,8.33333333333333
89657.282856829,43141.967240822,0.0,0.0,0.0,-0.825213451119647,0.564820998273968,8.33333333333333
89657.078807600,43141.402641380,0.0,0.0,0.0,-0.811911456349294,0.583780598383304,8.33333333333333
89656.899786185,43140.829603336,0.0,0.0,0.0,-0.799542722565959,0.60060921970264,8.33333333333333
89656.743663510,43140.249899769,0.0,0.0,0.0,-0.788057716939697,0.615601360274483,8.33333333333333
89656.608494880,43139.664950164,0.0,0.0,0.0,-0.77739458742924,0.629013239475706,8.33333333333333
89656.492522641,43139.075887842,0.0,0.0,0.0,-0.767487185824374,0.641064286632303,8.33333333333333
89656.394169284,43138.483624212,0.0,0.0,0.0,-0.758270208472429,0.651940404441371,8.33333333333333
89656.312022350,43137.888893990,0.0,0.0,0.0,-0.749682198237749,0.661798006679845,8.33333333333333
89656.245085889,43137.292265257,0.0,0.0,0.0,-0.741182914837371,0.671303125833016,8.33333333333333
89656.193769554,43136.694084018,0.0,0.0,0.0,-0.732128572142929,0.681166465595566,8.33333333333333
89656.158838246,43136.094727855,0.0,0.0,0.0,-0.722548920677059,0.691319793748462,8.33333333333333
89656.140948780,43135.494627403,0.0,0.0,0.0,-0.712493189596827,0.701679025465447,8.33333333333333
89656.140624719,43134.894255415,0.0,0.0,0.0,-0.702026995804991,0.712150333259081,8.33333333333333
89656.158019422,43134.294137211,0.0,0.0,0.0,-0.691859858787854,0.722031810793715,8.33333333333333
89656.190115241,43133.694614729,0.0,0.0,0.0,-0.684559591209247,0.728956902761356,8.33333333333333
89656.231572733,43133.095657579,0.0,0.0,0.0,-0.680497303637789,0.732750584948043,8.33333333333333
89656.277003818,43132.496989697,0.0,0.0,0.0,-0.679698503883571,0.733491611280208,8.33333333333333
89656.321112364,43131.898219070,0.0,0.0,0.0,-0.68209867504515,0.73126014352052,8.33333333333333
89656.358754951,43131.299016162,0.0,0.0,0.0,-0.687553159936924,0.726134045656001,8.33333333333333
89656.385005539,43130.699213855,0.0,0.0,0.0,-0.69583918973369,0.718197620457462,8.33333333333333
89656.395234374,43130.098932155,0.0,0.0,0.0,-0.7066535343734,0.707559737660066,8.33333333333333
89656.385216237,43129.498658485,0.0,0.0,0.0,-0.719611383842025,0.69437702744616,8.33333333333333
89656.351391369,43128.899262701,0.0,0.0,0.0,-0.73393959665792,0.679214743993098,8.33333333333333
89656.292084140,43128.301849492,0.0,0.0,0.0,-0.748501834744953,0.663132719282829,8.33333333333333
89656.206254567,43127.707671852,0.0,0.0,0.0,-0.763488386811172,0.645821556782115,8.33333333333333
89656.092355025,43127.118242024,0.0,0.0,0.0,-0.77915409693058,0.626832428354095,8.33333333333333
89655.948309786,43126.535454121,0.0,0.0,0.0,-0.795737081981201,0.605642218112347,8.33333333333333
89655.771509234,43125.961772188,0.0,0.0,0.0,-0.813456836290994,0.581625287871363,8.33333333333333
89655.558812508,43125.400434679,0.0,0.0,0.0,-0.832497750154227,0.554028425252848,8.33333333333333
89655.306610156,43124.855740505,0.0,0.0,0.0,-0.852968689238948,0.521962082126653,8.33333333333333
89655.011012392,43124.333383299,0.0,0.0,0.0,-0.874828214268428,0.484433272515331,8.33333333333333
89654.668242112,43123.840740384,0.0,0.0,0.0,-0.897769912632786,0.44046473635391,8.33333333333333
89654.275443553,43123.387091527,0.0,0.0,0.0,-0.921078911694791,0.389375960263523,8.33333333333333
89653.832417443,43122.982399269,0.0,0.0,0.0,-0.942465679084527,0.334302922134614,8.33333333333333
89653.346471163,43122.630294292,0.0,0.0,0.0,-0.959034310150399,0.283289943263697,8.33333333333333
89652.827519521,43122.328811432,0.0,0.0,0.0,-0.971291744530852,0.237891460557572,8.33333333333333
89652.284179554,43122.073737681,0.0,0.0,0.0,-0.980107959036066,0.198465081649536,8.33333333333333
89651.723303413,43121.859847844,0.0,0.0,0.0,-0.986337189640819,0.164739030989779,8.33333333333333
89651.150027136,43121.681738179,0.0,0.0,0.0,-0.990688468762938,0.136148293636555,8.33333333333333
89650.568080547,43121.534289106,0.0,0.0,0.0,-0.993701660262203,0.112058067055175,8.33333333333333
89649.980136596,43121.412848578,0.0,0.0,0.0,-0.995769951610424,0.0918814642339504,8.33333333333333
89649.388088681,43121.313247996,0.0,0.0,0.0,-0.997173762144003,0.0751298082759158,8.33333333333333
89648.793272714,43121.231739941,0.0,0.0,0.0,-0.998111362682613,0.0614305110173816,8.33333333333333
89648.196588529,43121.165245808,0.0,0.0,0.0,-0.998775430866163,0.0494736161818569,8.33333333333333
89647.598469220,43121.113221082,0.0,0.0,0.0,-0.999307815634057,0.0372006668312426,8.33333333333333
89646.999240862,43121.076117716,0.0,0.0,0.0,-0.999698125557244,0.0245694476399733,8.33333333333333
89646.399257910,43121.054379093,0.0,0.0,0.0,-0.999932871948246,0.0115866991560671,8.33333333333333
89645.798911680,43121.048432299,0.0,0.0,0.0,0.999998490749687,0.00173738261428364,8.33333333333333
89645.198624929,43121.058682272,0.0,0.0,0.0,0.999881582570839,0.0153889842301136,8.33333333333333
89644.598851836,43121.085506120,0.0,0.0,0.0,0.999569182956567,0.0293504426464345,8.33333333333333
89644.000076254,43121.129247175,0.0,0.0,0.0,0.999049063103922,0.0436001090729795,8.33333333333333
89643.402808470,43121.190209110,0.0,0.0,0.0,0.998310050954499,0.0581123236777257,8.33333333333333
89642.807583991,43121.268649910,0.0,0.0,0.0,0.997342365852789,0.0728574311595002,8.33333333333333
89642.214959862,43121.364776107,0.0,0.0,0.0,0.996137950606408,0.0878019553407873,8.33333333333333
89641.625505901,43121.478738364,0.0,0.0,0.0,0.99469077339493,0.10290901478003,8.33333333333333
89641.039803062,43121.610626655,0.0,0.0,0.0,0.992997106728526,0.118138672875463,8.33333333333333
89640.458434784,43121.760467420,0.0,0.0,0.0,0.991055739341396,0.133448572560667,8.33333333333333
89639.881979778,43121.928221753,0.0,0.0,0.0,0.988868119260161,0.148794632668227,8.33333333333333
89639.311007215,43122.113784089,0.0,0.0,0.0,0.986438425264836,0.16413175549244,8.33333333333333
