x,y,z,x_quat,y_quat,z_quat,w_quat,speed
89639.75808386834,43124.42276617543,0.0,0.0,0.0,0.9878887182426553,0.15516404341497259,8.33333333333333
89639.31551212298,43124.56530890903,0.0,0.0,0.0,0.983296326899181,0.18201190484849875,8.33333333333333
89638.87300011059,43124.73494246178,0.0,0.0,0.0,0.9747460951721849,0.22331603154851593,8.33333333333333
89638.43026690025,43124.94904193359,0.0,0.0,0.0,0.9633106718391229,0.26838880289769496,8.33333333333333
89637.98635345646,43125.21721695438,0.0,0.0,0.0,0.9524971823869814,0.3045473978625682,8.33333333333333
89637.54000727469,43125.535144665,0.0,0.0,0.0,0.9449916964675931,0.3270943191302783,8.33333333333333
89637.09098966874,43125.888296550576,0.0,0.0,0.0,0.9409156997983916,0.33864088039234574,8.33333333333333
89636.64035716065,43126.260935642335,0.0,0.0,0.0,0.9392291524074465,0.34329083772799657,8.33333333333333
89636.18926568501,43126.64153052177,0.0,0.0,0.0,0.9279514325010134,0.3727011388757983,8.33333333333333
89635.76437582573,43127.04848162232,0.0,0.0,0.0,0.9181595071948382,0.3962109530890482,8.33333333333333
89635.36405943462,43127.4730351877,0.0,0.0,0.0,0.9091773299424887,0.4164091530197758,8.33333333333333
89634.9855344742,43127.911810984464,0.0,0.0,0.0,0.9032861241051129,0.42903866725408635,8.33333333333333
89634.62178158353,43128.35802489266,0.0,0.0,0.0,0.9005907900622043,0.43466795241325834,8.33333333333333
89634.26622208266,43128.80547846291,0.0,0.0,0.0,0.8997684648796912,0.4363676312560821,8.33333333333333
89633.91497099384,43129.2509535931,0.0,0.0,0.0,0.8996173570614338,0.43667907079891155,8.33333333333333
89633.56631374164,43129.6937692777,0.0,0.0,0.0,0.8996046711181205,0.4367052045745027,8.33333333333333
89633.2194908502,43130.134307871915,0.0,0.0,0.0,0.8996046711149976,0.4367052045809357,8.33333333333333
89632.87396645441,43130.573197101396,0.0,0.0,0.0,0.8996046711122041,0.4367052045866904,8.33333333333333
89632.52920737561,43131.011114216075,0.0,0.0,0.0,0.8996046711171003,0.4367052045766043,8.33333333333333
89632.18472045449,43131.44868563279,0.0,0.0,0.0,0.8996046711132866,0.4367052045844605,8.33333333333333
89631.84014906484,43131.88636434246,0.0,0.0,0.0,0.8996046711194859,0.43670520457168993,8.33333333333333
89631.4953135335,43132.32437856805,0.0,0.0,0.0,0.8996046711117119,0.4367052045877041,8.33333333333333
89631.15016963948,43132.76278447963,0.0,0.0,0.0,0.8996046711114561,0.43670520458823103,8.33333333333333
89630.80475409821,43133.20153544082,0.0,0.0,0.0,0.8996046711195639,0.43670520457152934,8.33333333333333
89630.45917350825,43133.64049604879,0.0,0.0,0.0,0.899604671113497,0.43670520458402706,8.33333333333333
89630.11315732998,43134.08000994629,0.0,0.0,0.0,0.8996046711146845,0.4367052045815809,8.33333333333333
89629.74268667387,43134.550586214675,0.0,0.0,0.0,0.8996046711167753,0.43670520457727363,8.33333333333333
89629.37216143336,43135.021231816805,0.0,0.0,0.0,0.8996046711139577,0.43670520458307804,8.33333333333333
89629.00158749039,43135.491939281404,0.0,0.0,0.0,0.8996046711172622,0.4367052045762709,8.33333333333333
89628.63097029428,43135.96270168664,0.0,0.0,0.0,0.8996046711162735,0.43670520457830736,8.33333333333333
89628.26031517317,43136.43351226467,0.0,0.0,0.0,0.8996046711147214,0.4367052045815048,8.33333333333333
89627.88962702709,43136.90436479143,0.0,0.0,0.0,0.8996046711124605,0.4367052045861622,8.33333333333333
89627.5189104852,43137.37525338689,0.0,0.0,0.0,0.89960467111531,0.43670520458029227,8.33333333333333
89627.14816985717,43137.84617257684,0.0,0.0,0.0,0.899604671116527,0.4367052045777854,8.33333333333333
89626.7774093611,43138.317117003426,0.0,0.0,0.0,0.8996046711147179,0.43670520458151196,8.33333333333333
89626.40663306507,43138.7880814993,0.0,0.0,0.0,0.8996046711138751,0.43670520458324824,8.33333333333333
89626.03584484517,43139.25906114101,0.0,0.0,0.0,0.899604671115405,0.43670520458009654,8.33333333333333
89625.66504844507,43139.73005117333,0.0,0.0,0.0,0.8996046711162023,0.43670520457845396,8.33333333333333
89625.29424748327,43140.20104699995,0.0,0.0,0.0,0.8996046711162029,0.43670520457845297,8.33333333333333
89624.92344572861,43140.67204383368,0.0,0.0,0.0,0.8996046711139286,0.43670520458313794,8.33333333333333
89624.55264683739,43141.14303703024,0.0,0.0,0.0,0.8996046711164464,0.43670520457795137,8.33333333333333
89624.18185446417,43141.61402194754,0.0,0.0,0.0,0.8996046711120221,0.4367052045870653,8.33333333333333
89623.81107143077,43142.08499500132,0.0,0.0,0.0,0.8996046711196816,0.43670520457128686,8.33333333333333
89623.44030004399,43142.555953261384,0.0,0.0,0.0,0.8996046711131122,0.4367052045848199,8.33333333333333
89623.06954251348,43143.02689392109,0.0,0.0,0.0,0.8996046711159345,0.43670520457900586,8.33333333333333
89622.69880110973,43143.497814096365,0.0,0.0,0.0,0.8996046711153189,0.4367052045802739,8.33333333333333
89622.32807822972,43143.96871074256,0.0,0.0,0.0,0.899604671114368,0.43670520458223266,8.33333333333333
89621.95737633797,43144.43958072923,0.0,0.0,0.0,0.8996046711155277,0.43670520457984385,8.33333333333333
89621.58669795695,43144.910420852284,0.0,0.0,0.0,0.899604671113151,0.43670520458473977,8.33333333333333
89621.21604572251,43145.38122776365,0.0,0.0,0.0,0.8996046711173145,0.4367052045761632,8.33333333333333
89620.845422501,43145.85199782242,0.0,0.0,0.0,0.8996046711139637,0.43670520458306566,8.33333333333333
89620.47483121265,43146.32272731934,0.0,0.0,0.0,0.8996046711166473,0.4367052045775375,8.33333333333333
89620.1042747797,43146.79341254248,0.0,0.0,0.0,0.8996046711130143,0.4367052045850212,8.33333333333333
89619.73375635197,43147.264049490965,0.0,0.0,0.0,0.8996046711147703,0.4367052045814041,8.33333333333333
89619.36327926475,43147.734633928216,0.0,0.0,0.0,0.8996046711173981,0.4367052045759908,8.33333333333333
89618.99284728905,43148.20516106428,0.0,0.0,0.0,0.8996046711153605,0.43670520458018824,8.33333333333333
89618.6224637611,43148.675626661425,0.0,0.0,0.0,0.899604671113444,0.43670520458413614,8.33333333333333
89618.25213247583,43149.14602589931,0.0,0.0,0.0,0.8996046711168985,0.43670520457702017,8.33333333333333
89617.88185740463,43149.616353733385,0.0,0.0,0.0,0.8996046711153863,0.43670520458013506,8.33333333333333
89617.51164280575,43150.086604754804,0.0,0.0,0.0,0.8996046711131107,0.43670520458482287,8.33333333333333
89617.14149332457,43150.556773062955,0.0,0.0,0.0,0.8996046711157512,0.4367052045793836,8.33333333333333
89616.77141705115,43151.02684838172,0.0,0.0,0.0,0.8996046711153689,0.43670520458017104,8.33333333333333
89616.40148332468,43151.49674263564,0.0,0.0,0.0,0.8996046711165615,0.4367052045777141,8.33333333333333
89616.03182020762,43151.966293158235,0.0,0.0,0.0,0.8996046711153031,0.43670520458030665,8.33333333333333
89615.66258803968,43152.4352962841,0.0,0.0,0.0,0.8996046711125573,0.43670520458596285,8.33333333333333
89615.29399213582,43152.90349121971,0.0,0.0,0.0,0.8996046711151666,0.43670520458058754,8.33333333333333
89614.92630118332,43153.37053667524,0.0,0.0,0.0,0.8996046711166834,0.4367052045774632,8.33333333333333
89614.55986217422,43153.83599189726,0.0,0.0,0.0,0.8996046711150604,0.43670520458080647,8.33333333333333
89614.19511612675,43154.29929669913,0.0,0.0,0.0,0.8996046711146288,0.43670520458169554,8.33333333333333
89613.832612516,43154.759753131,0.0,0.0,0.0,0.8374315610990528,0.5465422037456973,8.33333333333333
89613.590917366,43155.309313327,0.0,0.0,0.0,0.827068211754433,0.5621015683177947,8.33333333333333
89613.36993705,43155.867517631,0.0,0.0,0.0,0.8153525921080892,0.5789647230554034,8.33333333333333
89613.172063267,43156.434316539,0.0,0.0,0.0,0.802263106833777,0.5969706085004652,8.33333333333333
89612.999615071,43157.0093526,0.0,0.0,0.0,0.7784390973452286,0.6277201380586301,8.33333333333333
89612.87247688274,43157.595618083564,0.0,0.0,0.0,0.716692440632114,0.6973893787123402,8.33333333333333
89612.85713361879,43158.15751307632,0.0,0.0,0.0,0.6943303518764171,0.7196564197331743,8.33333333333333
89612.87686910608,43158.708265087116,0.0,0.0,0.0,0.6648869266656979,0.7469440238391648,8.33333333333333
89612.93953111533,43159.245508766624,0.0,0.0,0.0,0.6418265735812796,0.7668498219631497,8.33333333333333
89613.0337704096,43159.77223872501,0.0,0.0,0.0,0.6227502637627941,0.7824206726457134,8.33333333333333
89613.15231252692,43160.28711551694,0.0,0.0,0.0,0.6003982921453477,0.7997011259145193,8.33333333333333
89613.29594755899,43160.78140933419,0.0,0.0,0.0,0.5728174966168175,0.8196829360000379,8.33333333333333
89613.46517291898,43161.243686006856,0.0,0.0,0.0,0.5396829843895313,0.8418683248349523,8.33333333333333
89613.65917733748,43161.66595004934,0.0,0.0,0.0,0.49951437076128485,0.8663056004684245,8.33333333333333
89613.8799832171,43162.04740858471,0.0,0.0,0.0,0.4535604454082868,0.8912255171173211,8.33333333333333
89614.13255878341,43162.394344340195,0.0,0.0,0.0,0.41080620785782795,0.9117226878747019,8.33333333333333
89614.4180214196,43162.717125767726,0.0,0.0,0.0,0.3803427474565915,0.9248456057403157,8.33333333333333
89614.729924738,43163.025885754876,0.0,0.0,0.0,0.34249131637919006,0.9395209940202771,8.33333333333333
89615.08078695735,43163.32089426223,0.0,0.0,0.0,0.3159481331235691,0.9487764632281576,8.33333333333333
89615.46306699024,43163.60725233331,0.0,0.0,0.0,0.277211758629096,0.9608088472103927,8.33333333333333
89615.89681668123,43163.880269363304,0.0,0.0,0.0,0.24444575965606935,0.9696629675233386,8.33333333333333
89616.38194932931,43164.141466333276,0.0,0.0,0.0,0.2247443751680939,0.9744177573455356,8.33333333333333
89616.90351705447,43164.39557807264,0.0,0.0,0.0,0.21306386625916848,0.9770382740172951,8.33333333333333
89617.4449691822,43164.64351909864,0.0,0.0,0.0,0.18417363871910247,0.9828937230448496,8.33333333333333
89617.99061617689,43164.85544559799,0.0,0.0,0.0,0.1654097049059008,0.986224938603229,8.33333333333333
89618.53165873728,43165.0421859889,0.0,0.0,0.0,0.12902058486965465,0.9916419155521272,8.33333333333333
89619.06378396129,43165.18303788273,0.0,0.0,0.0,0.07737264316437899,0.9970022437736826,8.33333333333333
89619.5841485922,43165.264293341104,0.0,0.0,0.0,0.013409257061489583,0.9999100918707936,8.33333333333333
89620.0921590964,43165.277921103836,0.0,0.0,0.0,-0.059214925528109835,0.9982452567353879,8.33333333333333
89620.58895216051,43165.21877443113,0.0,0.0,0.0,-0.1320488295501106,0.9912432126448311,8.33333333333333
89621.07659148169,43165.08650503069,0.0,0.0,0.0,-0.19341511363569655,0.9811170133155833,8.33333333333333
89621.55730988439,43164.88930582364,0.0,0.0,0.0,-0.23836559555418224,0.9711754953951938,8.33333333333333
89622.03229411412,43164.64119910836,0.0,0.0,0.0,-0.26964931076852244,0.9629585916341682,8.33333333333333
89622.50105740137,43164.35633446302,0.0,0.0,0.0,-0.29055542556250735,0.9568581633012232,8.33333333333333
89622.96293204137,43164.047341492,0.0,0.0,0.0,-0.30150960366459567,0.9534631397689259,8.33333333333333
89623.41980421636,43163.72628694594,0.0,0.0,0.0,-0.3318074216939736,0.9433471444324182,8.33333333333333
89623.85356675276,43163.37806818323,0.0,0.0,0.0,-0.36566681652829675,0.9307458188410308,8.33333333333333
89624.26527754942,43162.99551971127,0.0,0.0,0.0,-0.4068424555227253,0.913498339562935,8.33333333333333
89624.65131796274,43162.566578608494,0.0,0.0,0.0,-0.44026301442524113,0.8978688535243886,8.33333333333333
89625.01375963945,43162.0986250387,0.0,0.0,0.0,-0.46109125593129857,0.8873527222608255,8.33333333333333
89625.3579193528,43161.6086609878,0.0,0.0,0.0,-0.47447300094522227,0.880270055933993,8.33333333333333
89625.68780615287,43161.10740849831,0.0,0.0,0.0,-0.48440017356113435,0.8748465418883148,8.33333333333333
89626.00632966904,43160.59872460503,0.0,0.0,0.0,-0.490255615940925,0.87157870042721,8.33333333333333
89626.318057619,43160.085724382,0.0,0.0,0.0,-0.5052077036813302,0.8629977845516391,8.33333333333333
89626.611963003,43159.562199222,0.0,0.0,0.0,-0.5133906384942868,0.8581550281309482,8.33333333333333
89626.895860879,43159.033177918,0.0,0.0,0.0,-0.5207740994901319,0.8536945222386296,8.33333333333333
89627.170590319,43158.499337071,0.0,0.0,0.0,-0.5273689524462826,0.8496363857531707,8.33333333333333
89627.437020392,43157.961304142,0.0,0.0,0.0,-0.5331881591704969,0.8459966825705506,8.33333333333333
89627.696040489,43157.419663106,0.0,0.0,0.0,-0.5382456358965583,0.8427880133451766,8.33333333333333
89627.948554261,43156.874957383,0.0,0.0,0.0,-0.5425553159679913,0.8400200766141682,8.33333333333333
89628.195475052,43156.327693236,0.0,0.0,0.0,-0.5461303786178938,0.8377001907309536,8.33333333333333
89628.437722712,43155.778343325,0.0,0.0,0.0,-0.5489826219538034,0.83583376385064,8.33333333333333
89628.676220012,43155.227353989,0.0,0.0,0.0,-0.5511219668410501,0.8344246986189062,8.33333333333333
89628.911891438,43154.67514957,0.0,0.0,0.0,-0.552556100297215,0.8334757081189194,8.33333333333333
89629.145662217,43154.122137903,0.0,0.0,0.0,-0.5532902094323148,0.8329885618340418,8.33333333333333
89629.378458318,43153.568714857,0.0,0.0,0.0,-0.5533268112294093,0.8329642489174992,8.33333333333333
89629.61120579,43153.015271336,0.0,0.0,0.0,-0.5526656613036608,0.8334030638387331,8.33333333333333
89629.844831188,43152.462198177,0.0,0.0,0.0,-0.5513037505654435,0.8343046054124807,8.33333333333333
89630.080261889,43151.909891316,0.0,0.0,0.0,-0.5492353666478736,0.8356677043078642,8.33333333333333
89630.318425965,43151.358757654,0.0,0.0,0.0,-0.546452253952019,0.837490259137835,8.33333333333333
89630.560251417,43150.809221545,0.0,0.0,0.0,-0.5429439955861797,0.8397689072934973,8.33333333333333
89630.806665644,43150.261728966,0.0,0.0,0.0,-0.5389023110534059,0.8423682681234486,8.33333333333333
89631.058330173,43149.716630063,0.0,0.0,0.0,-0.534935394580649,0.84489296578019,8.33333333333333
89631.315110112,43149.173921343,0.0,0.0,0.0,-0.5311638558869317,0.8472691179308537,8.33333333333333
89631.576718131,43148.633523557,0.0,0.0,0.0,-0.5275940827035744,0.8494966061710746,8.33333333333333
89631.842864611,43148.095346272,0.0,0.0,0.0,-0.5242316894408755,0.8515756782494234,8.33333333333333
89632.113257973,43147.559289805,0.0,0.0,0.0,-0.5210815356753138,0.8535069028298814,8.33333333333333
89632.387605424,43147.025246096,0.0,0.0,0.0,-0.5181477354926883,0.8552911341781809,8.33333333333333
89632.665614089,43146.493098741,0.0,0.0,0.0,-0.5154336856029701,0.8569294695281161,8.33333333333333
89632.946991382,43145.962724378,0.0,0.0,0.0,-0.5129420896410052,0.8584232130334775,8.33333333333333
89633.231445149,43145.433994327,0.0,0.0,0.0,-0.5106749878631732,0.8597738404783829,8.33333333333333
89633.518685706,43144.906772569,0.0,0.0,0.0,-0.5086337812852709,0.8609829711065412,8.33333333333333
89633.808424908,43144.380919175,0.0,0.0,0.0,-0.5068192727004557,0.8620523329934101,8.33333333333333
89634.100376861,43143.85629048,0.0,0.0,0.0,-0.505231699928238,0.8629837364560371,8.33333333333333
89634.394257488,43143.332741213,0.0,0.0,0.0,-0.5037331179626677,0.8638593322223296,8.33333333333333
89634.68995428,43142.810214242,0.0,0.0,0.0,-0.500480546827654,0.8657477821208047,8.33333333333333
89634.989572252,43142.289927881,0.0,0.0,0.0,-0.4941234120351002,0.8693917722631096,8.33333333333333
89635.296779403,43141.774093428,0.0,0.0,0.0,-0.47598684387397855,0.8794524003372148,8.33333333333333
89635.62495024508,43141.27169212871,0.0,0.0,0.0,-0.4655288304807783,0.8850327157745067,8.33333333333333
89635.96444074131,43140.77793525302,0.0,0.0,0.0,-0.4455671949050511,0.8952484989233125,8.33333333333333
89636.3244422957,43140.30159501973,0.0,0.0,0.0,-0.418161878071237,0.9083725247539888,8.33333333333333
89636.71001911265,43139.85114347565,0.0,0.0,0.0,-0.3510944754143794,0.9363400393732513,8.33333333333333
89637.14130067779,43139.47479929694,0.0,0.0,0.0,-0.3264172277484798,0.9452257896550417,8.33333333333333
89637.58449921488,43139.12725079296,0.0,0.0,0.0,-0.2888881238822827,0.9573628632236446,8.33333333333333
89638.04306192728,43138.82278081014,0.0,0.0,0.0,-0.24795579038278742,0.9687713486760677,8.33333333333333
89638.51391441177,43138.56485603795,0.0,0.0,0.0,-0.17681603872162543,0.9842439171520404,8.33333333333333
89638.99462179549,43138.386381281685,0.0,0.0,0.0,-0.1497917656100581,0.9887175668285769,8.33333333333333
89639.47584763318,43138.23714343403,0.0,0.0,0.0,-0.10409452000650837,0.9945674089294373,8.33333333333333
89639.9565426788,43138.13540689596,0.0,0.0,0.0,-0.049533490831463724,0.9987724632197512,8.33333333333333
89640.43433165774,43138.08789875831,0.0,0.0,0.0,0.007689588399091651,0.9999704346780721,8.33333333333333
89640.90679808991,43138.095165547646,0.0,0.0,0.0,0.06310160779106731,0.9980071077373058,8.33333333333333
89641.37245507434,43138.15428665772,0.0,0.0,0.0,0.10975299661991911,0.9939588923758105,8.33333333333333
89641.83145101315,43138.25690252539,0.0,0.0,0.0,0.1373126116698012,0.990527761688898,8.33333333333333
89642.28618658968,43138.38544889407,0.0,0.0,0.0,0.19699267707796575,0.9804049597883807,8.33333333333333
89642.730870058,43138.5716674805,0.0,0.0,0.0,0.2143994859131645,0.9767460572944079,8.33333333333333
89643.17261188792,43138.77541233356,0.0,0.0,0.0,0.2410805998979272,0.9705050975408916,8.33333333333333
89643.61069646079,43139.00737257756,0.0,0.0,0.0,0.25557097323193684,0.9667902966213928,8.33333333333333
89644.04923836436,43139.25664932774,0.0,0.0,0.0,0.2562057833118228,0.966622261588039,8.33333333333333
89644.50494910355,43139.516477694604,0.0,0.0,0.0,0.26369918908358725,0.9646049645718492,8.33333333333333
89644.96784707883,43139.790009608885,0.0,0.0,0.0,0.27808477629946216,0.9605565351349592,8.33333333333333
89645.42283310491,43140.07754940075,0.0,0.0,0.0,0.30911802723289206,0.9510236827964091,8.33333333333333
89645.85545444,43140.39200765948,0.0,0.0,0.0,0.3536440878649901,0.9353800613216743,8.33333333333333
89646.25126436913,43140.74121568503,0.0,0.0,0.0,0.4361671468677418,0.8998656677489445,8.33333333333333
89646.57186168617,43141.1474416478,0.0,0.0,0.0,0.46952050751597674,0.8829215667441472,8.33333333333333
89646.8595861112,43141.57411268105,0.0,0.0,0.0,0.5236779285202245,0.851916326396417,8.33333333333333
89647.09187710067,43142.03314560198,0.0,0.0,0.0,0.5799347363293375,0.8146629374156049,8.33333333333333
89647.26228926516,43142.525041796485,0.0,0.0,0.0,0.6515812828385792,0.7585788237582377,8.33333333333333
89647.34309489981,43143.054459836225,0.0,0.0,0.0,0.6738152198278929,0.7388998914117448,8.33333333333333
89647.3928079607,43143.592845653,0.0,0.0,0.0,0.7045455451412516,0.7096587735113381,8.33333333333333
89647.3967854234,43144.142876963735,0.0,0.0,0.0,0.7324121794468753,0.680861512642533,8.33333333333333
89647.35598312857,43144.70143507958,0.0,0.0,0.0,0.7559315988952772,0.6546506074171395,8.33333333333333
89647.27476868575,43145.2640729938,0.0,0.0,0.0,0.777267934755769,0.6291697367169702,8.33333333333333
89647.15483463151,43145.8272446928,0.0,0.0,0.0,0.7969262062863305,0.6040766687549495,8.33333333333333
89646.99750340807,43146.38790196288,0.0,0.0,0.0,0.8144442672434767,0.5802417905961584,8.33333333333333
89646.80558637249,43146.943225338604,0.0,0.0,0.0,0.8297343064077646,0.5581585623906756,8.33333333333333
89646.58267594433,43147.491010290556,0.0,0.0,0.0,0.8429199136394343,0.5380390498747174,8.33333333333333
89646.3325132017,43148.02995200163,0.0,0.0,0.0,0.8540658688027791,0.5201648697731845,8.33333333333333
89646.05895046232,43148.55966660647,0.0,0.0,0.0,0.8631863202382636,0.5048855083615748,8.33333333333333
89645.76599216003,43149.08059324698,0.0,0.0,0.0,0.8703407870588368,0.4924499105308118,8.33333333333333
89645.45767190034,43149.593794716064,0.0,0.0,0.0,0.8758919441759109,0.48250730784905527,8.33333333333333
89645.13738221242,43150.10041497331,0.0,0.0,0.0,0.8806083204998008,0.4738448964234185,8.33333333333333
89644.8069447866,43150.60094751083,0.0,0.0,0.0,0.8848679452992165,0.465841946782321,8.33333333333333
89644.46734545889,43151.09561210001,0.0,0.0,0.0,0.8877121587160329,0.4603988740947579,8.33333333333333
89644.121595898,43151.586210352,0.0,0.0,0.0,0.8941788363068384,0.4477099604665372,8.33333333333333
89643.761896874,43152.066919827,0.0,0.0,0.0,0.8968905333243885,0.44225261020495277,8.33333333333333
89643.396365184,43152.54321065,0.0,0.0,0.0,0.8993751722127948,0.43717765222756494,8.33333333333333
89643.025473672,43153.015341087,0.0,0.0,0.0,0.9016323463529582,0.43250330866949355,8.33333333333333
89642.649700834,43153.483595622,0.0,0.0,0.0,0.9036627114574315,0.4282449111447829,8.33333333333333
89642.269526237,43153.948284331,0.0,0.0,0.0,0.9054678306643368,0.4244149003416586,8.33333333333333
89641.885430129,43154.409737188,0.0,0.0,0.0,0.9070500136911167,0.42102288852619996,8.33333333333333
89641.497890128,43154.868302341,0.0,0.0,0.0,0.908413705749103,0.4180724090479809,8.33333333333333
89641.107376543,43155.324339412,0.0,0.0,0.0,0.9095832411488236,0.4155217532466875,8.33333333333333
89640.714310565,43155.778176906,0.0,0.0,0.0,0.9105779516137483,0.41333738523742336,8.33333333333333
89640.31907,43156.230122919,0.0,0.0,0.0,0.911402337543998,0.41151643845578795,8.33333333333333
89639.922025445,43156.680485708,0.0,0.0,0.0,0.9120599784310692,0.4100568201412061,8.33333333333333
89639.523540962,43157.129574872,0.0,0.0,0.0,0.9125538545040897,0.40895655347448423,8.33333333333333
89639.123974674,43157.577701271,0.0,0.0,0.0,0.9128863427775702,0.40821382285536667,8.33333333333333
89638.72367933,43158.025177064,0.0,0.0,0.0,0.9130592135838335,0.4078270129474893,8.33333333333333
89638.323004807,43158.472313666,0.0,0.0,0.0,0.9130736360713976,0.40779472177966825,8.33333333333333
89637.922298651,43158.919421935,0.0,0.0,0.0,0.9129301801907223,0.4081157753590706,8.33333333333333
89637.521907304,43159.366811614,0.0,0.0,0.0,0.9126288247477686,0.4087892222643676,8.33333333333333
89637.12217649,43159.814791699,0.0,0.0,0.0,0.9121689638276296,0.4098143255544255,8.33333333333333
89636.723453332,43160.263668852,0.0,0.0,0.0,0.911549418624322,0.41119053661977734,8.33333333333333
89636.326086999,43160.713747394,0.0,0.0,0.0,0.9107684509244015,0.4129174600338015,8.33333333333333
89635.930429711,43161.165328818,0.0,0.0,0.0,0.9098254029320825,0.4149912483167251,8.33333333333333
89635.536834147,43161.618708174,0.0,0.0,0.0,0.9088116468311145,0.4172066521331098,8.33333333333333
89635.145452418,43162.073999994,0.0,0.0,0.0,0.9078703229080641,0.4192510903776009,8.33333333333333
89634.756124086,43162.531049045,0.0,0.0,0.0,0.9070148495613317,0.421098637702896,8.33333333333333
89634.368660029,43162.989679695,0.0,0.0,0.0,0.9062464851665418,0.42274969914038846,8.33333333333333
89633.982868863,43163.449718632,0.0,0.0,0.0,0.9055663458407952,0.4242046596638812,8.33333333333333
89633.598557364,43163.910994468,0.0,0.0,0.0,0.9049754090435295,0.42546387511338307,8.33333333333333
89633.21553058,43164.373337686,0.0,0.0,0.0,0.9044745228914405,0.42652765143692745,8.33333333333333
89632.833592087,43164.836580368,0.0,0.0,0.0,0.904064407666229,0.4273962409651149,8.33333333333333
89632.452544196,43165.300555969,0.0,0.0,0.0,0.9037456661809669,0.42806982007509065,8.33333333333333
89632.072188158,43165.765099042,0.0,0.0,0.0,0.903518780596156,0.4285484956338492,8.33333333333333
89631.692324497,43166.230044816,0.0,0.0,0.0,0.9033841221179347,0.4288322841219029,8.33333333333333
89631.312753024,43166.695229117,0.0,0.0,0.0,0.9033419481586212,0.42892111710311814,8.33333333333333
89630.933273082,43167.160488017,0.0,0.0,0.0,0.9033924058858936,0.4288148329847008,8.33333333333333
89630.553683579,43167.625657724,0.0,0.0,0.0,0.9035355318549653,0.4285131767817241,8.33333333333333
89630.17378355,43168.090573823,0.0,0.0,0.0,0.9037712497790549,0.42801580353160457,8.33333333333333
89629.793372026,43168.555071375,0.0,0.0,0.0,0.9040993704838842,0.4273222768481001,8.33333333333333
89629.412248269,43169.018984566,0.0,0.0,0.0,0.9045195885040489,0.42643207432423047,8.33333333333333
89629.030211854,43169.482146556,0.0,0.0,0.0,0.9050314768104633,0.4253445967474748,8.33333333333333
89628.647063161,43169.944388853,0.0,0.0,0.0,0.9056344832309344,0.4240591736810304,8.33333333333333
89628.262603495,43170.405541158,0.0,0.0,0.0,0.9063340512254131,0.4225619334361891,8.33333333333333
89627.876621842,43170.865420077,0.0,0.0,0.0,0.9073323968384328,0.4204139884059814,8.33333333333333
89627.488466287,43171.323464981,0.0,0.0,0.0,0.9088691288260737,0.4170814149143231,8.33333333333333
89627.096959945,43171.778647932,0.0,0.0,0.0,0.9109459645962175,0.41252569566739344,8.33333333333333
89626.700916264,43172.229886658,0.0,0.0,0.0,0.9135439679389394,0.40673998898851593,8.33333333333333
89626.299181944,43172.676064394,0.0,0.0,0.0,0.9166376549140728,0.39971916340554564,8.33333333333333
89625.89065025,43173.116023913,0.0,0.0,0.0,0.9056658199586105,0.4239922435124228,8.33333333333333
89625.50710441057,43173.575941870506,0.0,0.0,0.0,0.9056658199636306,0.42399224350169984,8.33333333333333
89625.12420468261,43174.035085062016,0.0,0.0,0.0,0.9056658199584819,0.4239922435126975,8.33333333333333
89624.74222352746,43174.49312677339,0.0,0.0,0.0,0.9056658199624407,0.42399224350424153,8.33333333333333
89624.36149514843,43174.9496662543,0.0,0.0,0.0,0.9056658199575514,0.42399224351468534,8.33333333333333
89623.98238932149,43175.40426009859,0.0,0.0,0.0,0.9056658199621335,0.4239922435048977,8.33333333333333
89623.6044779665,43175.8574216262,0.0,0.0,0.0,0.9056658199595368,0.4239922435104444,8.33333333333333
89623.22628432463,43176.310921649994,0.0,0.0,0.0,0.9056658199634262,0.42399224350213643,8.33333333333333
89622.84638108478,43176.76647168901,0.0,0.0,0.0,0.9056658199593722,0.4239922435107959,8.33333333333333
89622.46399932195,43177.22499377755,0.0,0.0,0.0,0.9056658199606703,0.42399224350802317,8.33333333333333
89622.07974830292,43177.68575733087,0.0,0.0,0.0,0.9056658199571981,0.42399224351543985,8.33333333333333
89621.69608690027,43178.1458138627,0.0,0.0,0.0,0.9056658199633885,0.42399224350221704,8.33333333333333
89621.31629659334,43178.601228481435,0.0,0.0,0.0,0.8940173319530991,0.4480323762491527,8.33333333333333
89620.97958246285,43179.05189766671,0.0,0.0,0.0,0.8788415929849335,0.4771136703550889,8.33333333333333
89620.6770646536,43179.51762960889,0.0,0.0,0.0,0.8465754734923995,0.5322686987613677,8.33333333333333
89620.43917824242,43180.01231297759,0.0,0.0,0.0,0.7997355299436398,0.600352464928533,8.33333333333333
89620.28487373097,43180.54309683814,0.0,0.0,0.0,0.7487387215334328,0.6628652403592156,8.33333333333333
89620.2161731562,43181.10566346917,0.0,0.0,0.0,0.7036224642523141,0.71057401289345,8.33333333333333
89620.22189062434,43181.68721934635,0.0,0.0,0.0,0.6668631582483874,0.7451801984560421,8.33333333333333
89620.2872256723,43182.27439757281,0.0,0.0,0.0,0.6349638686467867,0.7725418341508156,8.33333333333333
89620.40235229813,43182.85767845989,0.0,0.0,0.0,0.6024183549872093,0.7981805093927717,8.33333333333333
89620.56561376329,43183.43030370945,0.0,0.0,0.0,0.5666328036184582,0.8239704277845691,8.33333333333333
89620.77885996178,43183.98674341293,0.0,0.0,0.0,0.530290487853759,0.8478160168879935,8.33333333333333
89621.04004424239,43184.52344274409,0.0,0.0,0.0,0.4990250134961859,0.8665875812086921,8.33333333333333
89621.34029337624,43185.04079666483,0.0,0.0,0.0,0.48009389028556093,0.877217109107247,8.33333333333333
89621.66329611,43185.545533288,0.0,0.0,0.0,0.4244495210754828,0.9054516022730278,8.33333333333333
89622.047258595,43186.006897359,0.0,0.0,0.0,0.387289235342214,0.9219582681380124,8.33333333333333
89622.467423254,43186.435534125,0.0,0.0,0.0,0.34756334294688784,0.9376565056776304,8.33333333333333
89622.922615679,43186.826739445,0.0,0.0,0.0,0.30447555217070926,0.9525201510363661,8.33333333333333
89623.411503673,43187.174858085,0.0,0.0,0.0,0.25718323635267254,0.9663626560143792,8.33333333333333
89623.932249095,43187.473164,0.0,0.0,0.0,0.20602487900081648,0.9785467537285579,8.33333333333333
89624.481412134,43187.71513339,0.0,0.0,0.0,0.15492959645445487,0.9879255134586108,8.33333333333333
89625.052735916,43187.898845101,0.0,0.0,0.0,0.1058004901744482,0.9943873773730469,8.33333333333333
89625.639460067,43188.025126822,0.0,0.0,0.0,0.05947982739407174,0.9982295077451735,8.33333333333333
89626.235406389,43188.096399176,0.0,0.0,0.0,0.01639762389196907,0.9998655499269377,8.33333333333333
89626.835301873,43188.116080836,0.0,0.0,0.0,-0.023361252302592755,0.9997270887051398,8.33333333333333
89627.43489637,43188.088043322,0.0,0.0,0.0,-0.05995262658059201,0.9982012234845679,8.33333333333333
89628.03085404,43188.016196927,0.0,0.0,0.0,-0.09367385787720184,0.9956029370941016,8.33333333333333
89628.620603567,43187.904229543,0.0,0.0,0.0,-0.12489087357464808,0.9921704841899709,8.33333333333333
89629.202178218,43187.75545922,0.0,0.0,0.0,-0.15399071014130175,0.9880722955281044,8.33333333333333
89629.774020755,43187.572779179,0.0,0.0,0.0,-0.18135539786084734,0.9834176222067275,8.33333333333333
89630.334853426,43187.358646767,0.0,0.0,0.0,-0.20735135307650054,0.978266536470171,8.33333333333333
89630.883559056,43187.115100128,0.0,0.0,0.0,-0.2323277579122593,0.972637554746609,8.33333333333333
89631.419082476,43186.843785907,0.0,0.0,0.0,-0.2566207596808939,0.9665121756609178,8.33333333333333
89631.940345549,43186.545988792,0.0,0.0,0.0,-0.28046832976754754,0.9598632798463551,8.33333333333333
89632.446231436,43186.222755832,0.0,0.0,0.0,-0.3017451755937184,0.9533886138432303,8.33333333333333
89632.937260542,43185.877335832,0.0,0.0,0.0,-0.31787989393883376,0.9481309893835533,8.33333333333333
89633.416300743,43185.51544106,0.0,0.0,0.0,-0.3286456052658514,0.9444533160190831,8.33333333333333
89633.886993625,43185.142733091,0.0,0.0,0.0,-0.3339757657136175,0.9425816611392367,8.33333333333333
89634.35345035,43184.764727013,0.0,0.0,0.0,-0.28607151778776,0.9582082689638027,8.33333333333333
89634.82040661042,43184.45862580469,0.0,0.0,0.0,-0.25932661771912136,0.965789679662379,8.33333333333333
89635.29059558242,43184.1865027647,0.0,0.0,0.0,-0.23019754577951232,0.9731439204542611,8.33333333333333
89635.76871566773,43183.9468963743,0.0,0.0,0.0,-0.21538113493693592,0.9765300644185397,8.33333333333333
89636.25998782988,43183.719107824625,0.0,0.0,0.0,-0.20620292195685055,0.9785092513494479,8.33333333333333
89636.76842686624,43183.49486105856,0.0,0.0,0.0,-0.19089837312738528,0.9816098059500616,8.33333333333333
89637.2961343761,43183.28154159315,0.0,0.0,0.0,-0.17097265842796353,0.9852757736137,8.33333333333333
89637.84327520747,43183.08575798073,0.0,0.0,0.0,-0.15590071802857655,0.9877727299931772,8.33333333333333
89638.40811453329,43182.902905221614,0.0,0.0,0.0,-0.15067702002895164,0.9885830443797804,8.33333333333333
89638.98720831245,43182.7221791168,0.0,0.0,0.0,-0.14981595915531587,0.9887139011778749,8.33333333333333
89639.57632708666,43182.53944988692,0.0,0.0,0.0,-0.1392189923302197,0.9902616180457355,8.33333333333333
89640.17162039402,43182.36869256486,0.0,0.0,0.0,-0.07993111726726579,0.9968003894925035,8.33333333333333
89640.77032748128,43182.27205329547,0.0,0.0,0.0,-0.05853282013860627,0.9982854847019572,8.33333333333333
89641.3691599401,43182.20158794098,0.0,0.0,0.0,-0.02859211348030816,0.9995911619490887,8.33333333333333
89641.96791886461,43182.167306322124,0.0,0.0,0.0,-0.0021728790566820414,0.9999976392955161,8.33333333333333
89642.5659828698,43182.164707262215,0.0,0.0,0.0,0.017699291364227,0.999843355273817,8.33333333333333
89643.16240694575,43182.18582975591,0.0,0.0,0.0,0.033051657744975836,0.999453644708102,8.33333333333333
89643.75612411139,43182.225140874274,0.0,0.0,0.0,0.046192173975607334,0.9989325718302549,8.33333333333333
89644.3461622213,43182.279826341124,0.0,0.0,0.0,0.058551936491118235,0.9982843636625488,8.33333333333333
89644.93182383974,43182.348764607144,0.0,0.0,0.0,0.0716157860025203,0.9974322930380995,8.33333333333333
89645.51276974211,43182.43262091154,0.0,0.0,0.0,0.08984575991805917,0.9959556914967385,8.33333333333333
89646.08875473998,43182.53739344927,0.0,0.0,0.0,0.11820762154195294,0.9929889013525752,8.33333333333333
89646.65919546236,43182.67515881067,0.0,0.0,0.0,0.15256162225643072,0.988293960021251,8.33333333333333
89647.22336150485,43182.85358988825,0.0,0.0,0.0,0.18154524699740268,0.9833825925308278,8.33333333333333
89647.78101588455,43183.06675553137,0.0,0.0,0.0,0.20039217321825317,0.9797157633277448,8.33333333333333
89648.33247832398,43183.3021993162,0.0,0.0,0.0,0.2128931824681218,0.9770754796117826,8.33333333333333
89648.87823328856,43183.55188006739,0.0,0.0,0.0,0.22279382968374017,0.9748655853269478,8.33333333333333
89649.41887008032,43183.81260999205,0.0,0.0,0.0,0.2304706607045035,0.9730792745477779,8.33333333333333
89649.95539300593,43184.08186144339,0.0,0.0,0.0,0.23481605975262534,0.9720398233005948,8.33333333333333
89650.489536892,43184.355921267,0.0,0.0,0.0,0.2431840654930618,0.9699801597405311,8.33333333333333
89651.018916229,43184.639166603,0.0,0.0,0.0,0.24543401995053832,0.9694132977481373,8.33333333333333
89651.546973292,43184.924864307,0.0,0.0,0.0,0.24423825411796096,0.9697152547141921,8.33333333333333
89652.07569912865,43185.209240175056,0.0,0.0,0.0,0.24167072291538175,0.9703583161314983,8.33333333333333
89652.60555389136,43185.4906171855,0.0,0.0,0.0,0.23525623268593543,0.9719333850539454,8.33333333333333
89653.13717537893,43185.76399134938,0.0,0.0,0.0,0.20836200520046452,0.9780517751064315,8.33333333333333
89653.66792492222,43186.00088209886,0.0,0.0,0.0,0.1924296646499104,0.9813107683923188,8.33333333333333
89654.19652265173,43186.216482844146,0.0,0.0,0.0,0.16381947897691532,0.9864903336108936,8.33333333333333
89654.72161682771,43186.39582592888,0.0,0.0,0.0,0.10782000323889297,0.9941704315164303,8.33333333333333
89655.24413800093,43186.510512029825,0.0,0.0,0.0,0.09057090098952522,0.9958900099378172,8.33333333333333
89655.76839055479,43186.60666325475,0.0,0.0,0.0,0.065055507922905,0.997881646734167,8.33333333333333
89656.29692673768,43186.6758717699,0.0,0.0,0.0,0.02299100578066186,0.9997356718919225,8.33333333333333
89656.83853761945,43186.70079589391,0.0,0.0,0.0,0.009163154310891432,0.9999580174202689,8.33333333333333
89657.38076081147,43186.71073409518,0.0,0.0,0.0,-0.03800833412331787,0.9992774222092533,8.33333333333333
89657.9007941395,43186.67111699419,0.0,0.0,0.0,-0.06457313347395983,0.9979129773849793,8.33333333333333
89658.39991621434,43186.60625082687,0.0,0.0,0.0,-0.11613028219202914,0.9932339893287985,8.33333333333333
89658.85916933027,43186.49736934065,0.0,0.0,0.0,-0.19003408962511387,0.9817774925003905,8.33333333333333
89659.26468489532,43186.33427463215,0.0,0.0,0.0,-0.2786648834826998,0.9603884020090899,8.33333333333333
89659.61129827282,43186.11463727673,0.0,0.0,0.0,-0.3654047224950368,0.9308487464557951,8.33333333333333
89659.90410850686,43185.84287449993,0.0,0.0,0.0,-0.4330229327190686,0.9013829040642922,8.33333333333333
89660.1561785104,43185.52802451757,0.0,0.0,0.0,-0.47576867927268096,0.8795704427862095,8.33333333333333
89660.38340607026,43185.18053533479,0.0,0.0,0.0,-0.49835998186201574,0.8669702004558699,8.33333333333333
89660.5996290925,43184.809278721135,0.0,0.0,0.0,-0.5092023105816813,0.8606468537665591,8.33333333333333
89660.81380880157,43184.41934201619,0.0,0.0,0.0,-0.5169161125877108,0.8560360579713971,8.33333333333333
89661.02817020583,43184.01188671228,0.0,0.0,0.0,-0.5265515656909785,0.8501431930377253,8.33333333333333
89661.2390926794,43183.58799892253,0.0,0.0,0.0,-0.5349131232184754,0.8449070662556067,8.33333333333333
89661.44470327723,43183.15349671925,0.0,0.0,0.0,-0.5671107989320365,0.8236415128772148,8.33333333333333
89661.61095641508,43182.71816848922,0.0,0.0,0.0,-0.5881744804785001,0.8087340604388111,8.33333333333333
89661.7460537494,43182.30101604899,0.0,0.0,0.0,-0.6070973261877988,0.7946274828720848,8.33333333333333
89661.85137058183,43181.914457031016,0.0,0.0,0.0,-0.6249734422507973,0.7806460122752112,8.33333333333333
89661.92813475421,43181.57214322023,0.0,0.0,0.0,-0.6454651770103651,0.7637896996339884,8.33333333333333
89661.97713968255,43181.28237412753,0.0,0.0,0.0,-0.6733892932737854,0.7392880762627191,8.33333333333333
89661.99967648933,43181.04133813214,0.0,0.0,0.0,-0.7163413181711854,0.6977500382520724,8.33333333333333
89661.99416920524,43180.83192660262,0.0,0.0,0.0,-0.774006514292831,0.6331776337113162,8.33333333333333
89661.95319249113,43180.62925418624,0.0,0.0,0.0,-0.8282449256000399,0.5603662581007036,8.33333333333333
89661.86520493828,43180.409689138454,0.0,0.0,0.0,-0.8660959582588867,0.499877776148951,8.33333333333333
89661.72032494312,43180.158913116815,0.0,0.0,0.0,-0.8902178627615756,0.45553502260552114,8.33333333333333
89661.5159213992,43179.87551387903,0.0,0.0,0.0,-0.9063886750402209,0.4224447534990023,8.33333333333333
89661.25840396341,43179.56885507183,0.0,0.0,0.0,-0.918071831863131,0.39641406576895694,8.33333333333333
89660.96079100415,43179.252943202024,0.0,0.0,0.0,-0.9269715017729698,0.37513175672124177,8.33333333333333
89660.63747616098,43178.94001302174,0.0,0.0,0.0,-0.9343328136620566,0.3564017302347796,8.33333333333333
89660.29808899666,43178.63700520814,0.0,0.0,0.0,-0.9413689590451861,0.33737884187687683,8.33333333333333
89659.94389184518,43178.34570684501,0.0,0.0,0.0,-0.9485120340838117,0.3167410948995885,8.33333333333333
89659.57054083144,43178.065061705835,0.0,0.0,0.0,-0.9549338168472865,0.2968188091099908,8.33333333333333
89659.17581195611,43177.79343449225,0.0,0.0,0.0,-0.9595755632898403,0.2814511295713446,8.33333333333333
89658.7646381062,43177.52952978179,0.0,0.0,0.0,-0.9621993010458746,0.27234629622381584,8.33333333333333
89658.34639116202,43177.27214338657,0.0,0.0,0.0,-0.9633192810703789,0.2683579004204056,8.33333333333333
89657.9283664388,43177.01964475137,0.0,0.0,0.0,-0.9636488454836645,0.2671720468125372,8.33333333333333
89657.51241378006,43176.76979310803,0.0,0.0,0.0,-0.9637202999670124,0.2669141873926743,8.33333333333333
89657.1099514134,43176.52833771794,0.0,0.0,0.0,-0.9637202999639067,0.2669141874038877,8.33333333333333
89656.71101233468,43176.28899610774,0.0,0.0,0.0,-0.9637202999642949,0.26691418740248635,8.33333333333333
89656.22629559916,43175.99819259874,0.0,0.0,0.0,-0.9637202999655093,0.266914187398101,8.33333333333333
89655.74189846907,43175.70758083551,0.0,0.0,0.0,-0.9637202999631485,0.2669141874066253,8.33333333333333
89655.25713824375,43175.416751234996,0.0,0.0,0.0,-0.9637202999647496,0.26691418740084416,8.33333333333333
89654.77131136888,43175.125281703156,0.0,0.0,0.0,-0.9637202999655701,0.2669141873978819,8.33333333333333
89654.28374050061,43174.83276587074,0.0,0.0,0.0,-0.9637202999651092,0.2669141873995459,8.33333333333333
89653.79385432223,43174.53886097899,0.0,0.0,0.0,-0.9637202999637303,0.26691418740452455,8.33333333333333
89653.30124786294,43174.24332406759,0.0,0.0,0.0,-0.9637202999649286,0.2669141874001981,8.33333333333333
89652.80570232701,43173.94602387109,0.0,0.0,0.0,-0.9637202999641095,0.2669141874031557,8.33333333333333
89652.30723526058,43173.646970916205,0.0,0.0,0.0,-0.9637202999656903,0.26691418739744793,8.33333333333333
89651.80598632392,43173.34624899146,0.0,0.0,0.0,-0.9637202999640129,0.2669141874035045,8.33333333333333
89651.30209959489,43173.043944535675,0.0,0.0,0.0,-0.9637202999648621,0.2669141874004382,8.33333333333333
89650.79580106804,43172.74019313322,0.0,0.0,0.0,-0.9637202999648912,0.2669141874003334,8.33333333333333
89650.28754691445,43172.43526846176,0.0,0.0,0.0,-0.9637202999645637,0.2669141874015157,8.33333333333333
89649.77882712403,43172.130064433695,0.0,0.0,0.0,-0.9637202999645911,0.2669141874014168,8.33333333333333
89649.2712788743,43171.82556326591,0.0,0.0,0.0,-0.9637202999622235,0.2669141874099648,8.33333333333333
89648.76559067168,43171.52217802458,0.0,0.0,0.0,-0.9637202999664058,0.2669141873948643,8.33333333333333
89648.26175438576,43171.21990383191,0.0,0.0,0.0,-0.9637202999655544,0.26691418739793865,8.33333333333333
89647.7597432775,43170.91872464592,0.0,0.0,0.0,-0.9194260542684745,0.39326292824560033,8.33333333333333
89647.41183061135,43170.55445934654,0.0,0.0,0.0,-0.9215613244317248,0.38823282358868794,8.33333333333333
89647.08480056861,43170.21946590928,0.0,0.0,0.0,-0.9299410824256991,0.3677085574431458,8.33333333333333
89646.75002708817,43169.905655895505,0.0,0.0,0.0,-0.8462633973808088,0.5327647344311477,8.33333333333333
89646.59332466578,43169.578813854496,0.0,0.0,0.0,-0.8415806431466726,0.5401314849930828,8.33333333333333
89646.44241173285,43169.24941654945,0.0,0.0,0.0,-0.8233526358920837,0.567530119878723,8.33333333333333
89646.30469054221,43168.88769342696,0.0,0.0,0.0,-0.7994231335964389,0.6007683858783268,8.33333333333333
89646.18534881125,43168.47557719632,0.0,0.0,0.0,-0.7650131283289512,0.644014684214849,8.33333333333333
89646.1028649052,43167.998855935526,0.0,0.0,0.0,-0.7408688550024901,0.6716497150206344,8.33333333333333
89646.05399124032,43167.50138385722,0.0,0.0,0.0,-0.7071887668146963,0.7070247860514574,8.33333333333333
89646.05387017029,43166.97931386156,0.0,0.0,0.0,-0.6761374451381036,0.7367755121352215,8.33333333333333
89646.09958195187,43166.44773517666,0.0,0.0,0.0,-0.6385053398358619,0.7696173926056313,8.33333333333333
89646.19768437855,43165.92550011422,0.0,0.0,0.0,-0.5775429680469102,0.8163602881446191,8.33333333333333
89646.37565845234,43165.421356286286,0.0,0.0,0.0,-0.5040960547309005,0.8636475945689543,8.33333333333333
89646.64977656583,43164.93600997168,0.0,0.0,0.0,-0.44548173608952685,0.8952910268793389,8.33333333333333
89647.00184376328,43164.470353016965,0.0,0.0,0.0,-0.4075725531869844,0.9131728280498949,8.33333333333333
89647.40018291598,43164.02632078202,0.0,0.0,0.0,-0.3828448979450514,0.9238126347465936,8.33333333333333
89647.82383492684,43163.60237249177,0.0,0.0,0.0,-0.36907820191899426,0.9293983434826222,8.33333333333333
89648.260294781,43163.190820938,0.0,0.0,0.0,-0.3365676982750977,0.9416592719650791,8.33333333333333
89648.724640492,43162.810273702,0.0,0.0,0.0,-0.3208878276151234,0.9471172060988264,8.33333333333333
89649.20137251,43162.445345968,0.0,0.0,0.0,-0.3070892223604894,0.9516807287688608,8.33333333333333
89649.688508738,43162.094428224,0.0,0.0,0.0,-0.292254733146525,0.9563405099406035,8.33333333333333
89650.186316327,43161.758829918,0.0,0.0,0.0,-0.2758225428359708,0.9612085751092211,8.33333333333333
89650.695328851,43161.440490818,0.0,0.0,0.0,-0.2408534474362251,0.9705614956601594,8.33333333333333
89651.22541665545,43161.160133646095,0.0,0.0,0.0,-0.22849569240184087,0.9735449237471291,8.33333333333333
89651.76208884943,43160.89352821626,0.0,0.0,0.0,-0.20957831256014614,0.9777918648180919,8.33333333333333
89652.30829462112,43160.64810765872,0.0,0.0,0.0,-0.1879543010275424,0.9821777745017691,8.33333333333333
89652.86430836876,43160.42721550321,0.0,0.0,0.0,-0.1633587577125047,0.9865667317919388,8.33333333333333
89653.42983018346,43160.23465421746,0.0,0.0,0.0,-0.1345807476128469,0.9909026301165857,8.33333333333333
89654.00395764911,43160.075771701115,0.0,0.0,0.0,-0.10054839809592145,0.9949321683614135,8.33333333333333
89654.58449324378,43159.957222429504,0.0,0.0,0.0,-0.06059963680055528,0.9981621531693339,8.33333333333333
89655.16789219287,43159.88612264854,0.0,0.0,0.0,0.011820594315885304,0.999930134334404,8.33333333333333
89655.74555713843,43159.89978219755,0.0,0.0,0.0,0.036976213165953176,0.9993161460018076,8.33333333333333
89656.31843380201,43159.94223493109,0.0,0.0,0.0,0.07663291871863559,0.9970593742444143,8.33333333333333
89656.88278258362,43160.02950092645,0.0,0.0,0.0,0.11916418358023825,0.9928745627478102,8.33333333333333
89657.43645029358,43160.16434501235,0.0,0.0,0.0,0.1583574763949976,0.9873818459288219,8.33333333333333
89657.97891273748,43160.34294041141,0.0,0.0,0.0,0.19201151239440648,0.9813926732496084,8.33333333333333
89658.51094732198,43160.55941431521,0.0,0.0,0.0,0.22016405517178755,0.9754628587549165,8.33333333333333
89659.03377292283,43160.808087820085,0.0,0.0,0.0,0.24426101664004507,0.9697095213258307,8.33333333333333
89659.54800544566,43161.08469956698,0.0,0.0,0.0,0.26487077146159915,0.9642839179543219,8.33333333333333
89660.05332537554,43161.3849578864,0.0,0.0,0.0,0.28140479939872043,0.9595891510825693,8.33333333333333
89660.54861374162,43161.70278249643,0.0,0.0,0.0,0.2947268092149368,0.9555815548292999,8.33333333333333
89661.03168076181,43162.0320900065,0.0,0.0,0.0,0.3076142647585512,0.951511147657796,8.33333333333333
89661.49906711481,43162.369564584376,0.0,0.0,0.0,0.33531352232439127,0.942106597867996,8.33333333333333
89661.93166416528,43162.72217106845,0.0,0.0,0.0,0.35194852218913636,0.9360193575609871,8.33333333333333
89662.34712375092,43163.08604605484,0.0,0.0,0.0,0.3890893721676405,0.9212000111084407,8.33333333333333
89662.72880405387,43163.47847757478,0.0,0.0,0.0,0.4448699970089981,0.8955951572899521,8.33333333333333
89663.06378396513,43163.92027815479,0.0,0.0,0.0,0.4988438741645264,0.8666918652026948,8.33333333333333
89663.35323796449,43164.41855126906,0.0,0.0,0.0,0.5286269544696707,0.8488542531012734,8.33333333333333
89663.61715732109,43164.95550842915,0.0,0.0,0.0,0.5317314409391809,0.8469130266542972,8.33333333333333
89663.88129394376,43165.50299900917,0.0,0.0,0.0,0.5191607085370687,0.8546766398535114,8.33333333333333
89664.16193050217,43166.043292115675,0.0,0.0,0.0,0.5231768428773814,0.8522241436833714,8.33333333333333
89664.45103381106,43166.61292852516,0.0,0.0,0.0,0.5239712137665311,0.8517359726722995,8.33333333333333
89664.7434269389,43167.191718915856,0.0,0.0,0.0,0.49671568305501035,0.8679133195240147,8.33333333333333
89665.06472472622,43167.73861165407,0.0,0.0,0.0,0.47780746989805234,0.8784645819323746,8.33333333333333
89665.4004292825,43168.25722627202,0.0,0.0,0.0,0.44191549271713254,0.8970566856651668,8.33333333333333
89665.75980501276,43168.72476776378,0.0,0.0,0.0,0.3908641302689174,0.9204483862059418,8.33333333333333
89666.1466456378,43169.12558469399,0.0,0.0,0.0,0.3268279024524601,0.9450838704467055,8.33333333333333
89666.56136588183,43169.45138343709,0.0,0.0,0.0,0.2599289760963616,0.9656277374772833,8.33333333333333
89667.00068835515,43169.70637456819,0.0,0.0,0.0,0.21454851201463201,0.9767133335796677,8.33333333333333
89667.45516361251,43169.916160678884,0.0,0.0,0.0,0.09275793777891633,0.995688688787315,8.33333333333333
89667.945522366,43170.008323764094,0.0,0.0,0.0,0.051413325043063285,0.9986774604485756,8.33333333333333
89668.44726219794,43170.06012159499,0.0,0.0,0.0,-0.03200859779301956,0.9994875935534792,8.33333333333333
89668.9732065867,43170.02640026424,0.0,0.0,0.0,-0.054959173172214625,0.9984886024808829,8.33333333333333
89669.50736610127,43169.96741876531,0.0,0.0,0.0,-0.0977625855350995,0.9952097652603156,8.33333333333333
89670.05734662902,43169.8583132904,0.0,0.0,0.0,-0.1207003692115022,0.9926889849656876,8.33333333333333
89670.59850816769,43169.72473962593,0.0,0.0,0.0,-0.14561187887750762,0.9893417916623971,8.33333333333333
89671.11510725597,43169.569305916535,0.0,0.0,0.0,-0.17268938445325302,0.9849763329629584,8.33333333333333
89671.59779965934,43169.39468379964,0.0,0.0,0.0,-0.20926169466813668,0.977859674567174,8.33333333333333
89672.04705738617,43169.19317339993,0.0,0.0,0.0,-0.25330487511315614,0.9673864999284972,8.33333333333333
89672.46984737848,43168.9554649985,0.0,0.0,0.0,-0.28459782531638617,0.9586470037637336,8.33333333333333
89672.87721161476,43168.690215271774,0.0,0.0,0.0,-0.38621143151402587,0.9224102829911899,8.33333333333333
89673.23133058843,43168.330641131426,0.0,0.0,0.0,-0.4440239772337978,0.8960149036938392,8.33333333333333
89673.55222868231,43167.90906921406,0.0,0.0,0.0,-0.4877656585735138,0.8729746057683158,8.33333333333333
89673.84756408176,43167.42923995119,0.0,0.0,0.0,-0.4804037283553193,0.8770474660942295,8.33333333333333
89674.14358677519,43166.96594278594,0.0,0.0,0.0,-0.49958272845947005,0.8662661816237498,8.33333333333333
89674.43621231787,43166.46022639428,0.0,0.0,0.0,-0.44435716048986806,0.8958497161474025,8.33333333333333
89674.73977545844,43166.060811790136,0.0,0.0,0.0,-0.45131272685111684,0.8923658569119558,8.33333333333333
89675.04876549945,43165.64085104287,0.0,0.0,0.0,-0.4573550611577086,0.8892841773209668,8.33333333333333
89675.36020072414,43165.205311053294,0.0,0.0,0.0,-0.4620185756713171,0.8868702474063764,8.33333333333333
89675.67154537472,43164.76008821013,0.0,0.0,0.0,-0.48855514866390287,0.8725330175494745,8.33333333333333
89675.96774399145,43164.27690032781,0.0,0.0,0.0,-0.5049777698301997,0.8631323490504327,8.33333333333333
89676.25249941675,43163.77030626776,0.0,0.0,0.0,-0.5150488298731963,0.8571608383764691,8.33333333333333
89676.53006252937,43163.24825437229,0.0,0.0,0.0,-0.5194632446404643,0.8544927954451115,8.33333333333333
89676.80449465374,43162.71899053686,0.0,0.0,0.0,-0.5207825007184419,0.8536893972314791,8.33333333333333
89677.07772485977,43162.18803724396,0.0,0.0,0.0,-0.52102306874599,0.8535425952080608,8.33333333333333
89677.34986578132,43161.65846726928,0.0,0.0,0.0,-0.5210432508044105,0.8535302752633747,8.33333333333333
89677.6202370342,43161.13227975601,0.0,0.0,0.0,-0.5210432507848862,0.8535302752752935,8.33333333333333
89677.88798805085,43160.61119165919,0.0,0.0,0.0,-0.5243062521655667,0.8515297727854835,8.33333333333333
89678.14401392646,43160.10339768877,0.0,0.0,0.0,-0.5303782637182062,0.8477611086711049,8.33333333333333
89678.38888046045,43159.59996426341,0.0,0.0,0.0,-0.545695967468369,0.8379832403388273,8.33333333333333
89678.60831027493,43159.10375326195,0.0,0.0,0.0,-0.5746471137231907,0.8184013041837155,8.33333333333333
89678.78417288742,43158.61661442299,0.0,0.0,0.0,-0.6165036562848526,0.787352044378757,8.33333333333333
89678.90265992978,43158.137022218754,0.0,0.0,0.0,-0.6621362111181563,0.7493835052402024,8.33333333333333
89678.96215414908,43157.657600925566,0.0,0.0,0.0,-0.7028965907754512,0.711292051604858,8.33333333333333
89678.96795340208,43157.169185288585,0.0,0.0,0.0,-0.7373256394266059,0.6755374907761572,8.33333333333333
89678.92390113063,43156.66649346646,0.0,0.0,0.0,-0.7659916429307987,0.6428505292524661,8.33333333333333
89678.83272462942,43156.14890864092,0.0,0.0,0.0,-0.7888260203121812,0.6146165549986807,8.33333333333333
89678.69905205799,43155.61876765062,0.0,0.0,0.0,-0.8065138747444309,0.5912151637472811,8.33333333333333
89678.52909912847,43155.08018589128,0.0,0.0,0.0,-0.8204512574958921,0.5717164804983406,8.33333333333333
89678.32901690384,43154.538130181085,0.0,0.0,0.0,-0.8319847974876371,0.554798428935641,8.33333333333333
89678.10389612507,43153.99748075972,0.0,0.0,0.0,-0.842115513583763,0.5392971924473139,8.33333333333333
89677.85748333197,43153.4624392449,0.0,0.0,0.0,-0.8516356674577353,0.5241342289087955,8.33333333333333
89677.59207782146,43152.9365705941,0.0,0.0,0.0,-0.8673734693914577,0.4976577785947146,8.33333333333333
89677.29749141898,43152.432641831125,0.0,0.0,0.0,-0.872622051938041,0.488396104070705,8.33333333333333
89676.99350933137,43151.937162258626,0.0,0.0,0.0,-0.8816804662571925,0.4718469618642251,8.33333333333333
89676.67305552574,43151.45650745071,0.0,0.0,0.0,-0.8956065649389832,0.44484703082991894,8.33333333333333
89676.32583031882,43150.99860549311,0.0,0.0,0.0,-0.9155681871345135,0.4021627714088172,8.33333333333333
89675.93631050803,43150.57460641681,0.0,0.0,0.0,-0.9363639987758181,0.35103057102845003,8.33333333333333
89675.49659330715,43150.19100685828,0.0,0.0,0.0,-0.9511814652578596,0.30863217614161864,8.33333333333333
89675.0165154516,43149.84280306699,0.0,0.0,0.0,-0.9590991308525724,0.28307041031842295,8.33333333333333
89674.51416290105,43149.517977237396,0.0,0.0,0.0,-0.9623634893065006,0.27176555052069584,8.33333333333333
89674.003169671,43149.20436512,0.0,0.0,0.0,-0.9732811359927471,0.2296167030524296,8.33333333333333
89673.466122692,43148.936029516,0.0,0.0,0.0,-0.9775446342477004,0.21072846996438216,8.33333333333333
89672.919084305,43148.688686255,0.0,0.0,0.0,-0.981184935700232,0.1930702513463212,8.33333333333333
89672.363479993,43148.461223691,0.0,0.0,0.0,-0.9842972830625926,0.176518720127919,8.33333333333333
89671.800526578,43148.252599916,0.0,0.0,0.0,-0.9869619826435753,0.16095354862898528,8.33333333333333
89671.231262599,43148.061856188,0.0,0.0,0.0,-0.9892463281084313,0.14625902476081895,8.33333333333333
89670.656575447,43147.888124762,0.0,0.0,0.0,-0.9912064656238804,0.13232438363890173,8.33333333333333
89670.077225223,43147.730633437,0.0,0.0,0.0,-0.9928890795637761,0.11904316730916271,8.33333333333333
89669.493865891,43147.588708677,0.0,0.0,0.0,-0.9943290235582264,0.10634751012479868,8.33333333333333
89668.907073576,43147.4617366,0.0,0.0,0.0,-0.9955075064611059,0.09468265194633796,8.33333333333333
89668.317454104,43147.348555438,0.0,0.0,0.0,-0.9964191279190594,0.0845512951823988,8.33333333333333
89667.725655846,43147.247392766,0.0,0.0,0.0,-0.9970970376982417,0.0761412989998947,8.33333333333333
89667.132232945,43147.156230089,0.0,0.0,0.0,-0.9975759254490912,0.06958644238922586,8.33333333333333
89666.537659022,43147.072874852,0.0,0.0,0.0,-0.9978871505471377,0.06497103025898548,8.33333333333333
89665.942337038,43146.995023675,0.0,0.0,0.0,-0.9980555885523591,0.06233010636445297,8.33333333333333
89665.346612128,43146.92032446,0.0,0.0,0.0,-0.9980977131459372,0.06165188572015067,8.33333333333333
89664.750786016,43146.846434908,0.0,0.0,0.0,-0.9980209860680107,0.06288172522947784,8.33333333333333
89664.155140725,43146.771076801,0.0,0.0,0.0,-0.9978244502483294,0.06592697844296533,8.33333333333333
89663.559965531,43146.692084668,0.0,0.0,0.0,-0.9974816185751403,0.07092545808606647,8.33333333333333
89662.96561853,43146.607133644,0.0,0.0,0.0,-0.9966417995615566,0.08188481768131398,8.33333333333333
89662.373300285,43146.509141561,0.0,0.0,0.0,-0.9947480019020122,0.10235434876913775,8.33333333333333
89661.78554911,43146.386894266,0.0,0.0,0.0,-0.9910488795589611,0.13349950683402467,8.33333333333333
89661.206683033,43146.228059506,0.0,0.0,0.0,-0.9842078775807505,0.177016535125944,8.33333333333333
89660.64416027,43146.01894791,0.0,0.0,0.0,-0.9721577304516738,0.2343274357028023,8.33333333333333
89660.110089154,43145.745603315,0.0,0.0,0.0,-0.9547270170948987,0.2974833152112519,8.33333333333333
89659.616293714,43145.404791078,0.0,0.0,0.0,-0.935233367902807,0.35403184540542804,8.33333333333333
89659.166644087,43145.007418817,0.0,0.0,0.0,-0.9154810514480184,0.4023610871339707,8.33333333333333
89658.760806758,43144.565273513,0.0,0.0,0.0,-0.8965878011905305,0.44286602348377296,8.33333333333333
89658.396028876,43144.088616146,0.0,0.0,0.0,-0.8791048915490252,0.47662835590696523,8.33333333333333
89658.068489526,43143.585579947,0.0,0.0,0.0,-0.8626722025063328,0.505763453625183,8.33333333333333
89657.775302603,43143.061754896,0.0,0.0,0.0,-0.8470264079572345,0.5315508105751175,8.33333333333333
89657.514223785,43142.521191667,0.0,0.0,0.0,-0.8322865221333522,0.5543456909503032,8.33333333333333
89657.282856829,43141.967240822,0.0,0.0,0.0,-0.8185014378497557,0.5745044788666861,8.33333333333333
89657.0788076,43141.40264138,0.0,0.0,0.0,-0.8056657509398594,0.5923704058800645,8.33333333333333
89656.899786185,43140.829603336,0.0,0.0,0.0,-0.7937408303830158,0.6082561090386849,8.33333333333333
89656.74366351,43140.249899769,0.0,0.0,0.0,-0.7826699708521216,0.6224369178690632,8.33333333333333
89656.60849488,43139.664950164,0.0,0.0,0.0,-0.7723884990622593,0.6351503810251162,8.33333333333333
89656.492522641,43139.075887842,0.0,0.0,0.0,-0.7628302561208329,0.6465987939569827,8.33333333333333
89656.394169284,43138.483624212,0.0,0.0,0.0,-0.7539315810901706,0.6569529443079432,8.33333333333333
89656.31202235,43137.88889399,0.0,0.0,0.0,-0.736319319448035,0.6766342141863524,8.33333333333333
89656.26142632622,43137.29107089383,0.0,0.0,0.0,-0.7323203418143961,0.680960290299549,8.33333333333333
89656.21791784398,43136.693247430696,0.0,0.0,0.0,-0.7273889407766219,0.6862254212981795,8.33333333333333
89656.18312075907,43136.0962631358,0.0,0.0,0.0,-0.7254499111920343,0.688274964205055,8.33333333333333
89656.15184181716,43135.50192144427,0.0,0.0,0.0,-0.7281258943954743,0.6854434199193911,8.33333333333333
89656.11618694314,43134.912046035126,0.0,0.0,0.0,-0.734111403880191,0.6790290470171767,8.33333333333333
89656.07077785698,43134.33044490989,0.0,0.0,0.0,-0.7302486581119642,0.6831814527090704,8.33333333333333
89656.03215949284,43133.75123237504,0.0,0.0,0.0,-0.7260820146352117,0.6876081064263803,8.33333333333333
89656.0008435432,43133.17631991476,0.0,0.0,0.0,-0.7267221216602193,0.6869315525506667,8.33333333333333
89655.96876443144,43132.606928389716,0.0,0.0,0.0,-0.7334220205421758,0.679773594503223,8.33333333333333
89655.92592986139,43132.043571801754,0.0,0.0,0.0,-0.743177540010597,0.6690942714026159,8.33333333333333
89655.86731841712,43131.48644521982,0.0,0.0,0.0,-0.7534614445576603,0.6574920923973792,8.33333333333333
89655.7920693082,43130.935843391264,0.0,0.0,0.0,-0.7636548228675687,0.645624745119874,8.33333333333333
89655.7003525225,43130.392134745045,0.0,0.0,0.0,-0.7739742625023182,0.6332170567696298,8.33333333333333
89655.59195915592,43129.85573564496,0.0,0.0,0.0,-0.7849966871186245,0.6194999606237149,8.33333333333333
89655.46566777259,43129.32728709793,0.0,0.0,0.0,-0.7971164167831412,0.6038256520675531,8.33333333333333
89655.31947868654,43128.80759396513,0.0,0.0,0.0,-0.8095715050273488,0.58702127580502,8.33333333333333
89655.15259750656,43128.297266932044,0.0,0.0,0.0,-0.8202536091789794,0.5720000145357149,8.33333333333333
89654.96824938344,43127.796772784815,0.0,0.0,0.0,-0.828138651491796,0.5605233036238098,8.33333333333333
89654.7722144479,43127.307047369184,0.0,0.0,0.0,-0.8357473035226612,0.5491142364340963,8.33333333333333
89654.56563135926,43126.8293753476,0.0,0.0,0.0,-0.8467151918019951,0.5320464114827868,8.33333333333333
89654.3418092424,43126.3645636729,0.0,0.0,0.0,-0.8618639449321057,0.5071395670089923,8.33333333333333
89654.09141657362,43125.91382770524,0.0,0.0,0.0,-0.8796186452054253,0.47567955496002995,8.33333333333333
89653.80789960372,43125.48044934525,0.0,0.0,0.0,-0.8965381854588304,0.44296645698538845,8.33333333333333
89653.49148883484,43125.066801577705,0.0,0.0,0.0,-0.9071359732790206,0.42083764801063595,8.33333333333333
89653.15370881691,43124.66744696768,0.0,0.0,0.0,-0.9329912258681564,0.3598991142709785,8.33333333333333
89652.77493922462,43124.32414418925,0.0,0.0,0.0,-0.9490456293714239,0.31513868910528586,8.33333333333333
89652.3797272207,43124.0291502897,0.0,0.0,0.0,-0.9643810454551253,0.26451691659869264,8.33333333333333
89651.97182721006,43123.78718321656,0.0,0.0,0.0,-0.9776560768551009,0.21021083556347184,8.33333333333333
89651.55249373021,43123.59811629478,0.0,0.0,0.0,-0.9876299269638096,0.15680282958371658,8.33333333333333
89651.12055289173,43123.457413907214,0.0,0.0,0.0,-0.9940569549737458,0.10886124318748283,8.33333333333333
89650.67266933413,43123.358125837236,0.0,0.0,0.0,-0.9975911821815696,0.06936737874230449,8.33333333333333
89650.20412000803,43123.292648208226,0.0,0.0,0.0,-0.9991963386808097,0.04008337269822281,8.33333333333333
89649.71028876994,43123.252963660634,0.0,0.0,0.0,-0.9997889874823244,0.020542164176852295,8.33333333333333
89649.18736955838,43123.23146626643,0.0,0.0,0.0,-0.9999648988255149,0.008378610677070453,8.33333333333333
89648.63291196118,43123.22217411923,0.0,0.0,0.0,-0.9999985018848859,0.001730961577804479,8.33333333333333
89648.04847334394,43123.22015082856,0.0,0.0,0.0,-0.999991056209801,0.004229361702033782,8.33333333333333
89647.44366599858,43123.21503479324,0.0,0.0,0.0,-0.9999761022899387,0.006913381880235507,8.33333333333333
89646.8420431097,43123.206715699256,0.0,0.0,0.0,-0.9999611251739425,0.00881749062164354,8.33333333333333
89646.24883127424,43123.196253199465,0.0,0.0,0.0,-0.9999906013919664,0.004335565445642084,8.33333333333333
89645.66875764179,43123.191223163245,0.0,0.0,0.0,0.9999445973404423,0.010526264753503446,8.33333333333333
89645.10357529455,43123.20312365928,0.0,0.0,0.0,0.9994001529506455,0.03463140600995446,8.33333333333333
89644.55362072485,43123.24128374364,0.0,0.0,0.0,0.9980375987868312,0.06261750081100446,8.33333333333333
89644.01933855728,43123.30859108349,0.0,0.0,0.0,0.9961477748141722,0.08769042554790873,8.33333333333333
89643.49951328526,43123.400825782635,0.0,0.0,0.0,0.9947002763260706,0.10281712054341294,8.33333333333333
89642.988785869,43123.50754864584,0.0,0.0,0.0,0.9915175638423922,0.12997276865577528,8.33333333333333
89642.50094248881,43123.63768235142,0.0,0.0,0.0,0.9907223959685556,0.1359011925125179,8.33333333333333
89642.02356973666,43123.77116006054,0.0,0.0,0.0,0.990441243310256,0.13793528754468293,8.33333333333333
89641.55229896307,43123.905020774735,0.0,0.0,0.0,0.9903279179894217,0.1387465850056766,8.33333333333333
89641.0959603393,43124.03544846867,0.0,0.0,0.0,0.9903204540030205,0.13879985008367723,8.33333333333333
89640.64640462567,43124.163989827175,0.0,0.0,0.0,0.9902290410359821,0.13945051555644872,8.33333333333333
89640.20121518306,43124.291915834896,0.0,0.0,0.0,0.9897125085613873,0.14307043858577503,8.33333333333333
89639.75808386834,43124.42276617543,0.0,0.0,0.0,0.9878887182426553,0.15516404341497259,8.33333333333333
